user_id,first_name,last_name,username,email,phone
1,Paul,Hurst,paulhurst61,paul.hurst@yahoo.com,001-212-927-5096x0978
2,Tracy,Castro,tracycastro86,tracy.castro@hotmail.com,226.631.6262x9487
3,Claire,Wiley,clairewiley75,claire.wiley@hotmail.com,(887)512-2965
4,Michael,Stout,michaelstout77,michael.stout@yahoo.com,+1-462-677-3228x244
5,Julie,Combs,juliecombs84,julie.combs@yahoo.com,+1-550-371-2300x830
6,Adam,Matthews,adammatthews51,adam.matthews@yahoo.com,+1-421-486-4084x4677
7,Pamela,Carroll,pamelacarroll49,pamela.carroll@yahoo.com,+1-568-774-1266x144
8,Albert,Brown,albertbrown7,albert.brown@hotmail.com,694-458-8978x257
9,Christopher,Herrera,christopherherrera2,christopher.herrera@yahoo.com,001-815-228-5808x745
10,Linda,Whitaker,lindawhitaker40,linda.whitaker@yahoo.com,(844)910-4891
11,Michael,Diaz,michaeldiaz78,michael.diaz@hotmail.com,(260)896-2342
12,Emily,Long,emilylong7,emily.long@hotmail.com,882-332-5762x2047
13,William,Romero,williamromero62,william.romero@hotmail.com,001-928-386-4445
14,Carol,Sanders,carolsanders51,carol.sanders@hotmail.com,(722)240-6804x81589
15,Mackenzie,Cross,mackenziecross16,mackenzie.cross@gmail.com,3274790831
16,Lindsay,Salazar,lindsaysalazar74,lindsay.salazar@hotmail.com,001-611-342-0588
17,Charles,Thomas,charlesthomas71,charles.thomas@gmail.com,690.291.3696x5077
18,Donald,Frank,donaldfrank79,donald.frank@yahoo.com,6946436161
19,Alexandra,Meyers,alexandrameyers67,alexandra.meyers@gmail.com,001-321-401-7181x2002
20,Eric,Christian,ericchristian83,eric.christian@hotmail.com,001-316-700-2631x8879
21,Jeff,Day,jeffday74,jeff.day@hotmail.com,873-252-0663x707
22,Kelly,Meadows,kellymeadows38,kelly.meadows@yahoo.com,271.698.7060
23,Jessica,Bradford,jessicabradford61,jessica.bradford@hotmail.com,535-805-8211x2014
24,Jerry,Jones,jerryjones45,jerry.jones@hotmail.com,534-392-7479x01610
25,Haley,Kelly,haleykelly71,haley.kelly@hotmail.com,+1-593-498-0767
26,Erica,Houston,ericahouston51,erica.houston@hotmail.com,001-492-585-6612x4659
27,Brianna,Tran,briannatran84,brianna.tran@hotmail.com,674-665-3874x6082
28,Ryan,Schmitt,ryanschmitt49,ryan.schmitt@gmail.com,692.982.8396x165
29,Jenny,Coleman,jennycoleman50,jenny.coleman@gmail.com,768-671-0199x7615
30,Lisa,Love,lisalove91,lisa.love@yahoo.com,(918)708-9560
31,Daniel,Burns,danielburns62,daniel.burns@hotmail.com,433-532-5924x14222
32,John,Brennan,johnbrennan81,john.brennan@hotmail.com,+1-740-762-2883x55989
33,Frederick,Peters,frederickpeters57,frederick.peters@gmail.com,001-922-782-2672x0403
34,Ariana,Riley,arianariley71,ariana.riley@hotmail.com,5534821672
35,Mark,Fitzgerald,markfitzgerald10,mark.fitzgerald@gmail.com,279.401.1841x3602
36,Douglas,Ford,douglasford88,douglas.ford@yahoo.com,(257)943-2188
37,James,Murphy,jamesmurphy94,james.murphy@yahoo.com,359.371.3189
38,Christian,Taylor,christiantaylor31,christian.taylor@gmail.com,431.493.5709x14322
39,Theresa,Reyes,theresareyes34,theresa.reyes@gmail.com,(866)762-0374
40,Tara,Griffin,taragriffin73,tara.griffin@gmail.com,(562)917-1108
41,Sarah,Martinez,sarahmartinez53,sarah.martinez@gmail.com,001-888-371-8873x725
42,Cindy,Brown,cindybrown84,cindy.brown@gmail.com,+1-239-599-5663x8793
43,Felicia,Christensen,feliciachristensen83,felicia.christensen@hotmail.com,(605)544-0050
44,Michael,Harris,michaelharris39,michael.harris@yahoo.com,539-346-2658x20499
45,Nancy,Duke,nancyduke75,nancy.duke@yahoo.com,001-600-221-1208x04641
46,Julia,Fernandez,juliafernandez51,julia.fernandez@gmail.com,+1-514-430-5329x280
47,Darren,Martinez,darrenmartinez88,darren.martinez@yahoo.com,(713)660-5028x79291
48,Julie,Johnston,juliejohnston29,julie.johnston@yahoo.com,445.508.7680
49,Matthew,Ryan,matthewryan18,matthew.ryan@gmail.com,(467)966-6203
50,Ashley,Campos,ashleycampos43,ashley.campos@gmail.com,001-809-542-2204x821
51,Christina,Shaffer,christinashaffer99,christina.shaffer@gmail.com,+1-383-200-4479x5463
52,Sheryl,Foster,sherylfoster58,sheryl.foster@yahoo.com,+1-995-778-1642x69225
53,Carlos,Bradley,carlosbradley19,carlos.bradley@gmail.com,001-785-309-3086
54,Hannah,Fernandez,hannahfernandez40,hannah.fernandez@yahoo.com,001-596-207-2548x4885
55,Veronica,Johnson,veronicajohnson4,veronica.johnson@hotmail.com,318-470-1028
56,Miguel,Combs,miguelcombs59,miguel.combs@hotmail.com,(932)877-6412
57,Ronald,Black,ronaldblack59,ronald.black@gmail.com,+1-818-240-5564x5479
58,Michael,Garrett,michaelgarrett1,michael.garrett@yahoo.com,(600)424-5671x434
59,Joseph,Thornton,josephthornton99,joseph.thornton@gmail.com,+1-776-282-8721x2392
60,Kim,Carr,kimcarr6,kim.carr@gmail.com,730.389.0767
61,Alexandra,Roberts,alexandraroberts41,alexandra.roberts@yahoo.com,950.646.2925x2522
62,Patrick,Alexander,patrickalexander20,patrick.alexander@hotmail.com,001-497-770-8278x462
63,Matthew,May,matthewmay48,matthew.may@hotmail.com,+1-574-289-1935x093
64,Vincent,Schultz,vincentschultz86,vincent.schultz@gmail.com,001-457-255-1132
65,Cynthia,Walker,cynthiawalker59,cynthia.walker@yahoo.com,835.926.6011
66,Ronnie,Collins,ronniecollins7,ronnie.collins@yahoo.com,7788092026
67,Scott,Collins,scottcollins96,scott.collins@gmail.com,5145016017
68,Ashley,Dunn,ashleydunn58,ashley.dunn@yahoo.com,(437)575-9649x509
69,Jacqueline,Gonzalez,jacquelinegonzalez31,jacqueline.gonzalez@gmail.com,001-686-337-1456
70,Carrie,Nguyen,carrienguyen89,carrie.nguyen@yahoo.com,409-248-6390
71,Nicole,Lopez,nicolelopez93,nicole.lopez@hotmail.com,483.920.1701
72,Robert,Case,robertcase32,robert.case@gmail.com,976.506.3895x7924
73,Sandra,Dennis,sandradennis92,sandra.dennis@hotmail.com,001-504-907-6130x97104
74,Nicole,Williams,nicolewilliams35,nicole.williams@hotmail.com,+1-203-540-8507
75,Christopher,Collins,christophercollins4,christopher.collins@gmail.com,596-465-7745
76,Morgan,Oliver,morganoliver15,morgan.oliver@yahoo.com,+1-843-474-9000
77,Alexander,Logan,alexanderlogan29,alexander.logan@hotmail.com,483.794.9378x86202
78,Jared,Nguyen,jarednguyen44,jared.nguyen@hotmail.com,001-310-724-4108x716
79,Tina,Scott,tinascott92,tina.scott@yahoo.com,9708261881
80,Sarah,Hart,sarahhart18,sarah.hart@hotmail.com,450-308-6619x8796
81,Michael,Armstrong,michaelarmstrong97,michael.armstrong@yahoo.com,(665)599-8249
82,Logan,Mcclure,loganmcclure19,logan.mcclure@gmail.com,829-231-4723x551
83,Andrew,Smith,andrewsmith60,andrew.smith@yahoo.com,(981)860-4128
84,Danielle,Mullen,daniellemullen44,danielle.mullen@yahoo.com,001-919-916-3592x4772
85,Courtney,Wright,courtneywright28,courtney.wright@gmail.com,888-761-9034x44443
86,Cindy,Shaffer,cindyshaffer63,cindy.shaffer@hotmail.com,5129063032
87,John,Flores,johnflores11,john.flores@hotmail.com,(496)668-3166
88,Tammy,Rowe,tammyrowe51,tammy.rowe@yahoo.com,(670)438-0838
89,Maria,Adkins,mariaadkins66,maria.adkins@gmail.com,(243)203-5341x5455
90,Cassandra,Alvarez,cassandraalvarez49,cassandra.alvarez@hotmail.com,+1-500-792-3871x6871
91,Erin,Sherman,erinsherman31,erin.sherman@yahoo.com,4086312054
92,Sarah,Merritt,sarahmerritt90,sarah.merritt@gmail.com,630.924.3961x4752
93,Mary,Barrett,marybarrett24,mary.barrett@gmail.com,(202)626-5967x34090
94,Laura,Carr,lauracarr84,laura.carr@yahoo.com,+1-272-394-9845x871
95,Erin,Mcconnell,erinmcconnell46,erin.mcconnell@gmail.com,+1-722-927-6152x92116
96,Carol,Scott,carolscott8,carol.scott@gmail.com,531-705-5462x537
97,Micheal,Monroe,michealmonroe63,micheal.monroe@gmail.com,872.762.0348
98,Leonard,Mathews,leonardmathews56,leonard.mathews@yahoo.com,+1-519-683-5841x2346
99,Paul,Mccarthy,paulmccarthy10,paul.mccarthy@yahoo.com,001-654-664-2288x82530
100,Mark,Howard,markhoward1,mark.howard@hotmail.com,4884927628
101,Richard,Meyers,richardmeyers25,richard.meyers@gmail.com,001-623-931-5939x1145
102,Stephanie,Gonzalez,stephaniegonzalez85,stephanie.gonzalez@hotmail.com,+1-647-687-1300x578
103,Theresa,Stevenson,theresastevenson81,theresa.stevenson@yahoo.com,001-845-785-0102
104,Susan,Jackson,susanjackson56,susan.jackson@gmail.com,900-383-6805x41899
105,Robert,Lewis,robertlewis67,robert.lewis@gmail.com,394.407.8141x93562
106,Karen,Vaughn,karenvaughn65,karen.vaughn@yahoo.com,(994)324-3210
107,Benjamin,Brady,benjaminbrady59,benjamin.brady@yahoo.com,840-852-6916x020
108,Anita,Miller,anitamiller74,anita.miller@hotmail.com,946-257-0872x27142
109,Mark,Rowe,markrowe7,mark.rowe@yahoo.com,(325)217-9913x22462
110,Julian,Marsh,julianmarsh45,julian.marsh@yahoo.com,(967)747-3128x42143
111,Christopher,Lee,christopherlee86,christopher.lee@hotmail.com,397.890.5589x525
112,Amy,Smith,amysmith8,amy.smith@yahoo.com,498.987.5070
113,Michelle,Sanders,michellesanders67,michelle.sanders@yahoo.com,2798480770
114,Elizabeth,Allen,elizabethallen20,elizabeth.allen@gmail.com,001-383-668-2306x483
115,Joseph,Taylor,josephtaylor13,joseph.taylor@gmail.com,(915)935-3275x3570
116,Wendy,Ruiz,wendyruiz71,wendy.ruiz@hotmail.com,+1-681-465-1044x20673
117,Amber,Powell,amberpowell42,amber.powell@gmail.com,(558)428-3833x228
118,Caitlyn,Schwartz,caitlynschwartz98,caitlyn.schwartz@hotmail.com,551.802.9468x45157
119,Rhonda,Alvarez,rhondaalvarez18,rhonda.alvarez@hotmail.com,+1-831-738-1499x490
120,Jill,Berry,jillberry9,jill.berry@hotmail.com,479.719.5167
121,Tonya,Knapp,tonyaknapp8,tonya.knapp@gmail.com,(841)495-3754x7414
122,Amy,Brooks,amybrooks7,amy.brooks@hotmail.com,+1-326-480-9650x4222
123,Autumn,Lucas,autumnlucas55,autumn.lucas@yahoo.com,(551)966-9649x7616
124,Aaron,Martin,aaronmartin29,aaron.martin@yahoo.com,(858)245-8531x772
125,Thomas,Martin,thomasmartin24,thomas.martin@yahoo.com,001-445-895-7067
126,Christian,Fleming,christianfleming7,christian.fleming@yahoo.com,272-400-1643x3336
127,Janet,Short,janetshort37,janet.short@gmail.com,600-260-7869
128,Ryan,Long,ryanlong75,ryan.long@gmail.com,548-426-7318x029
129,Anne,Lee,annelee31,anne.lee@gmail.com,(673)970-8710x9058
130,Elizabeth,Holt,elizabethholt44,elizabeth.holt@hotmail.com,764-421-1105x7016
131,Aaron,Garcia,aarongarcia54,aaron.garcia@gmail.com,001-652-568-7065x124
132,William,Williams,williamwilliams65,william.williams@gmail.com,9178686209
133,Manuel,Wade,manuelwade95,manuel.wade@yahoo.com,4077180733
134,Alejandro,Flores,alejandroflores10,alejandro.flores@hotmail.com,001-493-363-5110
135,Lonnie,Grant,lonniegrant44,lonnie.grant@yahoo.com,933-336-8950x8718
136,Bonnie,Henderson,bonniehenderson47,bonnie.henderson@gmail.com,+1-556-555-3613x36511
137,Lisa,Barron,lisabarron79,lisa.barron@gmail.com,001-988-809-8570x061
138,Tyler,Brown,tylerbrown58,tyler.brown@hotmail.com,001-588-335-9189x83285
139,Tony,Smith,tonysmith78,tony.smith@hotmail.com,438.486.2154x78915
140,Christina,Ford,christinaford6,christina.ford@hotmail.com,435-238-5920x2623
141,Greg,Miller,gregmiller46,greg.miller@yahoo.com,+1-694-387-6284x77371
142,Charles,Rodriguez,charlesrodriguez45,charles.rodriguez@gmail.com,9995891574
143,Samantha,Carlson,samanthacarlson6,samantha.carlson@gmail.com,001-850-659-4104x1655
144,Katherine,Espinoza,katherineespinoza19,katherine.espinoza@yahoo.com,(408)498-4106
145,Kristina,Mcdaniel,kristinamcdaniel98,kristina.mcdaniel@gmail.com,371-430-1035x8948
146,Diane,Macias,dianemacias75,diane.macias@gmail.com,(610)736-6043
147,Travis,Hanna,travishanna83,travis.hanna@hotmail.com,268-728-1115x3243
148,Angela,Cuevas,angelacuevas34,angela.cuevas@gmail.com,001-773-255-3770x53940
149,Robin,Miller,robinmiller37,robin.miller@gmail.com,+1-850-234-7162x913
150,Sheila,Chang,sheilachang33,sheila.chang@gmail.com,+1-385-377-7381
151,Philip,Wells,philipwells35,philip.wells@hotmail.com,783.755.8099
152,Gloria,Cervantes,gloriacervantes2,gloria.cervantes@gmail.com,973-611-6584
153,Dawn,Roth,dawnroth80,dawn.roth@yahoo.com,534.856.7739x448
154,Barbara,Long,barbaralong65,barbara.long@hotmail.com,(327)564-1034
155,Brittany,Willis,brittanywillis97,brittany.willis@yahoo.com,001-377-444-0088x23751
156,Chad,Anderson,chadanderson95,chad.anderson@yahoo.com,001-332-227-6944x16437
157,Mason,Wolf,masonwolf17,mason.wolf@hotmail.com,435-313-1216x86561
158,Michael,Spencer,michaelspencer53,michael.spencer@gmail.com,433.605.8515x644
159,Carmen,Chavez,carmenchavez3,carmen.chavez@hotmail.com,(947)992-8710x58168
160,Caroline,King,carolineking93,caroline.king@gmail.com,(604)643-8316
161,John,James,johnjames45,john.james@gmail.com,(209)357-4959x040
162,Warren,Cuevas,warrencuevas29,warren.cuevas@hotmail.com,+1-515-532-6301x462
163,Taylor,White,taylorwhite75,taylor.white@gmail.com,+1-769-234-1348x31766
164,Derrick,Johnson,derrickjohnson21,derrick.johnson@gmail.com,+1-220-808-8706
165,Kenneth,Bradley,kennethbradley20,kenneth.bradley@hotmail.com,541.958.9395
166,Joseph,Crawford,josephcrawford41,joseph.crawford@yahoo.com,738.311.8809x665
167,Gabriel,Garza,gabrielgarza69,gabriel.garza@hotmail.com,666.551.7046
168,Doris,Gay,dorisgay33,doris.gay@yahoo.com,482-713-4622
169,Daniel,Johnson,danieljohnson11,daniel.johnson@hotmail.com,319.898.5716x165
170,John,Cook,johncook94,john.cook@gmail.com,511.705.7651
171,Justin,Franco,justinfranco27,justin.franco@hotmail.com,001-677-549-6063x77742
172,Craig,Rasmussen,craigrasmussen5,craig.rasmussen@hotmail.com,+1-779-498-6242x89678
173,Jodi,Bell,jodibell7,jodi.bell@hotmail.com,+1-747-325-5738x7153
174,Laura,Bryant,laurabryant15,laura.bryant@yahoo.com,245.877.4659x995
175,Parker,Williams,parkerwilliams6,parker.williams@hotmail.com,8136227120
176,Brandy,Allen,brandyallen36,brandy.allen@gmail.com,+1-713-504-2256x7713
177,Mikayla,Morgan,mikaylamorgan92,mikayla.morgan@gmail.com,897-642-0809
178,Thomas,Walters,thomaswalters43,thomas.walters@hotmail.com,280.591.6387
179,Derek,Bowman,derekbowman58,derek.bowman@yahoo.com,(670)679-4207x197
180,Christopher,Joseph,christopherjoseph4,christopher.joseph@yahoo.com,650.475.1648
181,Jacqueline,Taylor,jacquelinetaylor43,jacqueline.taylor@hotmail.com,593-448-5913
182,Tammy,Branch,tammybranch49,tammy.branch@yahoo.com,336-229-4605x2463
183,Michael,Choi,michaelchoi53,michael.choi@yahoo.com,001-595-650-4332x92454
184,Maria,Allen,mariaallen78,maria.allen@gmail.com,513-909-6125x3740
185,Megan,Robinson,meganrobinson9,megan.robinson@gmail.com,+1-502-377-3094
186,Thomas,Moore,thomasmoore83,thomas.moore@gmail.com,219-244-1380x4416
187,Brian,Rivera,brianrivera54,brian.rivera@hotmail.com,805.355.6868
188,Michael,Page,michaelpage69,michael.page@hotmail.com,574.823.3087x22222
189,Zachary,Graham,zacharygraham95,zachary.graham@hotmail.com,(501)215-8291
190,Jeffrey,Bailey,jeffreybailey41,jeffrey.bailey@hotmail.com,+1-646-785-4218
191,Brian,Henderson,brianhenderson6,brian.henderson@hotmail.com,001-311-428-0074
192,Chase,Griffith,chasegriffith15,chase.griffith@hotmail.com,210.572.8546x238
193,Jessica,Davis,jessicadavis31,jessica.davis@hotmail.com,982.313.1062x2956
194,Carrie,Garcia,carriegarcia25,carrie.garcia@yahoo.com,578.789.2924
195,Richard,Kennedy,richardkennedy10,richard.kennedy@hotmail.com,808-775-0917x5621
196,David,Gardner,davidgardner89,david.gardner@yahoo.com,706-337-9490x0956
197,Eric,Carey,ericcarey37,eric.carey@yahoo.com,+1-653-553-2253x0987
198,Carolyn,Shaw,carolynshaw82,carolyn.shaw@yahoo.com,852-931-0090x12748
199,Anthony,Lin,anthonylin68,anthony.lin@gmail.com,(659)757-9054
200,Carl,Smith,carlsmith4,carl.smith@gmail.com,809-994-7807
201,Brenda,Jacobs,brendajacobs50,brenda.jacobs@gmail.com,422-546-2847x4947
202,Shannon,Fuller,shannonfuller99,shannon.fuller@gmail.com,563-278-9732
203,James,Moore,jamesmoore38,james.moore@hotmail.com,5397476879
204,Mark,Walker,markwalker84,mark.walker@hotmail.com,(348)405-3496x8998
205,Lindsey,Bishop,lindseybishop55,lindsey.bishop@hotmail.com,201.608.1595
206,Amber,Pacheco,amberpacheco11,amber.pacheco@hotmail.com,5112403415
207,Leah,Powell,leahpowell55,leah.powell@gmail.com,9602743126
208,Lance,Johnson,lancejohnson1,lance.johnson@yahoo.com,(449)445-5715
209,James,Gillespie,jamesgillespie63,james.gillespie@yahoo.com,(441)284-8709
210,Rachel,Mcneil,rachelmcneil22,rachel.mcneil@hotmail.com,435.801.9097x92121
211,Emily,King,emilyking91,emily.king@hotmail.com,651-473-1693
212,David,Nguyen,davidnguyen15,david.nguyen@gmail.com,801.670.0991x44764
213,Jennifer,Hernandez,jenniferhernandez47,jennifer.hernandez@yahoo.com,977.398.7337
214,Michelle,Vaughan,michellevaughan66,michelle.vaughan@hotmail.com,430-879-8429
215,Vicki,Donaldson,vickidonaldson89,vicki.donaldson@gmail.com,966.862.1827
216,Michelle,Anderson,michelleanderson97,michelle.anderson@gmail.com,(885)376-9596x0194
217,Jennifer,Obrien,jenniferobrien39,jennifer.obrien@gmail.com,001-550-297-1107x9818
218,Debbie,Mcknight,debbiemcknight39,debbie.mcknight@yahoo.com,205-910-9487x36182
219,Deborah,Rodriguez,deborahrodriguez17,deborah.rodriguez@gmail.com,930.685.3159x7830
220,Margaret,Hurst,margarethurst11,margaret.hurst@yahoo.com,(994)501-0095
221,Mark,James,markjames10,mark.james@yahoo.com,747.702.3504
222,Antonio,Dunlap,antoniodunlap80,antonio.dunlap@gmail.com,+1-965-939-4538x7047
223,Jose,Hickman,josehickman82,jose.hickman@hotmail.com,6617915339
224,Shelly,George,shellygeorge44,shelly.george@hotmail.com,360-406-2168
225,Kimberly,Cox,kimberlycox84,kimberly.cox@gmail.com,(990)622-4093x87096
226,Stephen,Cox,stephencox10,stephen.cox@gmail.com,225.493.6880
227,Clarence,Gray,clarencegray24,clarence.gray@yahoo.com,(735)747-3674x6386
228,Gregory,Marshall,gregorymarshall56,gregory.marshall@hotmail.com,+1-683-361-6382x9675
229,Michelle,Moore,michellemoore20,michelle.moore@gmail.com,332-489-8818
230,Douglas,Hicks,douglashicks42,douglas.hicks@hotmail.com,5955081525
231,Lisa,Mcgee,lisamcgee81,lisa.mcgee@yahoo.com,312.551.0004
232,Christopher,Leonard,christopherleonard24,christopher.leonard@gmail.com,(942)841-7040x38107
233,Michael,Mckee,michaelmckee72,michael.mckee@gmail.com,247.264.8905
234,Nicole,Mann,nicolemann42,nicole.mann@yahoo.com,7058763790
235,Matthew,Powell,matthewpowell40,matthew.powell@hotmail.com,001-831-997-7437x162
236,Savannah,Arroyo,savannaharroyo62,savannah.arroyo@hotmail.com,2589029324
237,Isabel,Smith,isabelsmith3,isabel.smith@hotmail.com,811.524.0759x0402
238,Ariel,Phillips,arielphillips32,ariel.phillips@gmail.com,(415)458-3806x8560
239,Johnathan,Martin,johnathanmartin65,johnathan.martin@gmail.com,(572)244-5148
240,Christine,Hunter,christinehunter94,christine.hunter@gmail.com,548-408-1280
241,Daniel,Thomas,danielthomas59,daniel.thomas@gmail.com,(563)554-1197x68012
242,Candice,Andersen,candiceandersen48,candice.andersen@yahoo.com,001-727-961-5219
243,Emily,Frank,emilyfrank69,emily.frank@yahoo.com,+1-941-750-6940x247
244,Tracy,Turner,tracyturner80,tracy.turner@gmail.com,(857)377-2009
245,Kevin,Rodgers,kevinrodgers13,kevin.rodgers@yahoo.com,001-766-480-9760x6185
246,Cody,Chambers,codychambers55,cody.chambers@gmail.com,001-290-712-3375
247,Danielle,Lee,daniellelee4,danielle.lee@yahoo.com,(984)710-0237x2603
248,Brittany,Smith,brittanysmith28,brittany.smith@gmail.com,(928)664-4430
249,Daniel,Watson,danielwatson99,daniel.watson@yahoo.com,251-923-5972
250,Amy,Miller,amymiller13,amy.miller@gmail.com,(682)201-5862
251,Tammy,Anderson,tammyanderson54,tammy.anderson@yahoo.com,(753)661-3066x8584
252,Andre,Silva,andresilva83,andre.silva@gmail.com,(722)565-2610x04157
253,Alan,Wilson,alanwilson9,alan.wilson@hotmail.com,438.545.1116x7224
254,Gregory,Tate,gregorytate74,gregory.tate@yahoo.com,(991)739-0136x58960
255,Kyle,Johnson,kylejohnson38,kyle.johnson@gmail.com,(704)683-1867
256,Matthew,Flores,matthewflores78,matthew.flores@gmail.com,210-323-6105
257,Dylan,Ali,dylanali88,dylan.ali@hotmail.com,862-704-0222
258,Danielle,Smith,daniellesmith35,danielle.smith@hotmail.com,685-822-7964x64879
259,Kristi,Murphy,kristimurphy69,kristi.murphy@hotmail.com,356-647-6545
260,John,Lee,johnlee36,john.lee@gmail.com,685-952-1864x2565
261,Kevin,Hall,kevinhall80,kevin.hall@gmail.com,001-640-842-5984x3174
262,Jason,Peters,jasonpeters89,jason.peters@yahoo.com,(605)305-2880
263,Phillip,Davis,phillipdavis87,phillip.davis@gmail.com,001-732-684-1430x616
264,Travis,Zuniga,traviszuniga15,travis.zuniga@hotmail.com,+1-829-606-6792x910
265,Kenneth,Conley,kennethconley92,kenneth.conley@gmail.com,622.674.1507
266,Marvin,Johnson,marvinjohnson82,marvin.johnson@yahoo.com,222.364.8234
267,Timothy,Roman,timothyroman1,timothy.roman@hotmail.com,8123293352
268,Joy,Harris,joyharris50,joy.harris@gmail.com,310-581-1555x84790
269,Patrick,Torres,patricktorres31,patrick.torres@yahoo.com,+1-968-508-2914
270,Kelly,Rice,kellyrice23,kelly.rice@yahoo.com,001-349-840-7053x318
271,Kyle,Shaw,kyleshaw8,kyle.shaw@yahoo.com,402-873-9509
272,Andrea,Daniel,andreadaniel81,andrea.daniel@gmail.com,+1-778-655-0795
273,Leah,Duran,leahduran86,leah.duran@gmail.com,001-563-623-3775
274,Teresa,Green,teresagreen75,teresa.green@gmail.com,375-815-1058x7076
275,Tina,Cannon,tinacannon6,tina.cannon@yahoo.com,001-835-972-6997x71065
276,Vanessa,Key,vanessakey34,vanessa.key@hotmail.com,+1-266-236-1553x17460
277,Heather,Herring,heatherherring34,heather.herring@hotmail.com,+1-269-690-7147
278,Sarah,Coleman,sarahcoleman56,sarah.coleman@yahoo.com,7265235341
279,Samantha,Silva,samanthasilva45,samantha.silva@hotmail.com,(310)302-4217x47686
280,Sarah,Lawson,sarahlawson74,sarah.lawson@gmail.com,(778)728-8917x98400
281,Julian,Craig,juliancraig66,julian.craig@hotmail.com,369-575-6200x41389
282,Jeffrey,Buck,jeffreybuck67,jeffrey.buck@gmail.com,001-962-227-5387x6865
283,Chris,Everett,chriseverett53,chris.everett@gmail.com,+1-357-981-5449x9503
284,Robert,Page,robertpage8,robert.page@yahoo.com,399-455-4736x093
285,Sherry,Lawson,sherrylawson89,sherry.lawson@hotmail.com,397-635-7163x385
286,Wayne,Mullen,waynemullen89,wayne.mullen@hotmail.com,2272764444
287,Darryl,Rodriguez,darrylrodriguez80,darryl.rodriguez@hotmail.com,001-468-718-0441x8871
288,Ashley,Casey,ashleycasey27,ashley.casey@yahoo.com,001-788-597-4495x6161
289,Phillip,Bryant,phillipbryant38,phillip.bryant@gmail.com,6258452980
290,Donna,Wilkins,donnawilkins7,donna.wilkins@yahoo.com,001-915-937-0308
291,Steven,Barnett,stevenbarnett6,steven.barnett@yahoo.com,+1-781-842-4909x24333
292,John,Shepherd,johnshepherd18,john.shepherd@hotmail.com,+1-310-444-3143x3938
293,Mary,Collier,marycollier67,mary.collier@hotmail.com,6126482050
294,Brett,Richards,brettrichards4,brett.richards@hotmail.com,827-997-6849
295,Sabrina,Riley,sabrinariley24,sabrina.riley@yahoo.com,645.763.0666
296,Yesenia,Oliver,yeseniaoliver9,yesenia.oliver@hotmail.com,+1-584-714-4435x7944
297,Tina,Anderson,tinaanderson78,tina.anderson@gmail.com,549-999-8576
298,Leonard,Pitts,leonardpitts51,leonard.pitts@yahoo.com,+1-522-545-1399x09787
299,Willie,James,williejames80,willie.james@gmail.com,+1-827-460-2892
300,Adam,Tate,adamtate76,adam.tate@yahoo.com,620.792.0794
301,Stephanie,Parsons,stephanieparsons26,stephanie.parsons@hotmail.com,833-636-5930x598
302,Randy,Schneider,randyschneider47,randy.schneider@hotmail.com,272.243.3185
303,Katelyn,Bishop,katelynbishop95,katelyn.bishop@gmail.com,424.620.3865
304,Jeremiah,Wagner,jeremiahwagner37,jeremiah.wagner@hotmail.com,001-879-703-2421x621
305,Loretta,Williams,lorettawilliams85,loretta.williams@hotmail.com,629.617.7383x770
306,Sean,Clark,seanclark7,sean.clark@hotmail.com,602.991.1090x2601
307,Kim,Rodriguez,kimrodriguez72,kim.rodriguez@gmail.com,838-715-7090x67677
308,Jeremy,Jones,jeremyjones4,jeremy.jones@yahoo.com,494.346.6638
309,Christopher,Hall,christopherhall10,christopher.hall@yahoo.com,8767547833
310,Michael,Ramos,michaelramos87,michael.ramos@gmail.com,+1-694-240-0376x646
311,Anthony,Hill,anthonyhill2,anthony.hill@hotmail.com,968-312-2282x6667
312,James,Hobbs,jameshobbs41,james.hobbs@yahoo.com,(515)620-1181
313,Michelle,Haas,michellehaas63,michelle.haas@gmail.com,+1-849-749-3735x164
314,Kyle,Mcgee,kylemcgee24,kyle.mcgee@yahoo.com,+1-582-366-7305x54163
315,Michael,Parker,michaelparker52,michael.parker@hotmail.com,979-680-9496x472
316,Danielle,Coleman,daniellecoleman13,danielle.coleman@gmail.com,(961)550-7794
317,Nancy,Fernandez,nancyfernandez19,nancy.fernandez@hotmail.com,809.479.4080x62954
318,Gary,Lee,garylee94,gary.lee@hotmail.com,+1-429-754-9073
319,Vanessa,Lowery,vanessalowery84,vanessa.lowery@gmail.com,001-741-796-1497x617
320,Rodney,Bartlett,rodneybartlett74,rodney.bartlett@gmail.com,404.747.9581x72368
321,Ashley,Reed,ashleyreed16,ashley.reed@hotmail.com,7797592853
322,Brandon,Allen,brandonallen42,brandon.allen@gmail.com,611.598.8672x8540
323,Jacqueline,Fuentes,jacquelinefuentes40,jacqueline.fuentes@yahoo.com,001-666-972-2053
324,Mary,Chavez,marychavez47,mary.chavez@gmail.com,670.947.7336x5595
325,Jenna,Gomez,jennagomez13,jenna.gomez@yahoo.com,262.598.3045
326,Jeanne,Norris,jeannenorris83,jeanne.norris@gmail.com,416-481-6091x6355
327,Victoria,Riley,victoriariley12,victoria.riley@hotmail.com,6758209019
328,Andrea,Shepard,andreashepard81,andrea.shepard@gmail.com,+1-292-695-7443
329,Vincent,Smith,vincentsmith80,vincent.smith@gmail.com,+1-522-835-7134
330,Natalie,Robertson,natalierobertson24,natalie.robertson@gmail.com,(564)422-2510x510
331,Kevin,Cooper,kevincooper88,kevin.cooper@yahoo.com,9086999262
332,Tara,Pierce,tarapierce58,tara.pierce@hotmail.com,962-744-8913
333,Kara,Patterson,karapatterson12,kara.patterson@yahoo.com,+1-606-726-0773x0574
334,Laurie,Walker,lauriewalker33,laurie.walker@gmail.com,001-574-761-8234
335,Kendra,Graham,kendragraham29,kendra.graham@hotmail.com,399-811-3797
336,Robin,Collins,robincollins88,robin.collins@yahoo.com,(483)849-8207x070
337,Debbie,Nelson,debbienelson39,debbie.nelson@yahoo.com,244-932-2796x205
338,Jamie,Espinoza,jamieespinoza32,jamie.espinoza@yahoo.com,909-948-9991
339,Cynthia,Duke,cynthiaduke4,cynthia.duke@gmail.com,995-570-0047
340,Megan,Cross,megancross71,megan.cross@hotmail.com,+1-992-909-6014
341,Alicia,Moore,aliciamoore18,alicia.moore@hotmail.com,001-991-465-6270x9497
342,Tonya,Gilbert,tonyagilbert17,tonya.gilbert@hotmail.com,4223489224
343,James,Bright,jamesbright97,james.bright@yahoo.com,001-509-349-6602
344,William,Parker,williamparker65,william.parker@gmail.com,800.300.4186
345,Erica,Roth,ericaroth64,erica.roth@hotmail.com,(297)372-5831x84514
346,George,Miller,georgemiller29,george.miller@yahoo.com,403.455.5699x268
347,Sarah,Mendoza,sarahmendoza63,sarah.mendoza@gmail.com,(904)306-6539x026
348,Cindy,Stephens,cindystephens97,cindy.stephens@gmail.com,489.811.5021x94204
349,Brenda,Curtis,brendacurtis87,brenda.curtis@yahoo.com,731.525.6327x186
350,Connie,Murray,conniemurray47,connie.murray@gmail.com,420-601-4855x57627
351,Robert,Middleton,robertmiddleton42,robert.middleton@yahoo.com,(449)997-2386
352,Yolanda,Maldonado,yolandamaldonado78,yolanda.maldonado@hotmail.com,203-890-8749x53519
353,Christine,Erickson,christineerickson13,christine.erickson@gmail.com,+1-645-577-8775
354,Emily,Mendoza,emilymendoza2,emily.mendoza@hotmail.com,9429388950
355,Sara,Johnson,sarajohnson67,sara.johnson@hotmail.com,(868)386-6115
356,Sandra,Murphy,sandramurphy58,sandra.murphy@yahoo.com,+1-674-481-2484x134
357,Eduardo,Garcia,eduardogarcia24,eduardo.garcia@hotmail.com,+1-208-370-8066x6610
358,Amanda,Mcpherson,amandamcpherson52,amanda.mcpherson@hotmail.com,7622621031
359,Christina,Monroe,christinamonroe94,christina.monroe@gmail.com,(219)906-6318
360,Anthony,Zhang,anthonyzhang48,anthony.zhang@yahoo.com,689.943.9675x5651
361,John,Diaz,johndiaz78,john.diaz@yahoo.com,389-355-0362
362,Patricia,Barnett,patriciabarnett94,patricia.barnett@hotmail.com,286.708.9129
363,Calvin,Miller,calvinmiller92,calvin.miller@hotmail.com,+1-678-593-5906x286
364,Laura,Johnson,laurajohnson6,laura.johnson@gmail.com,538-750-0951
365,Pamela,Cruz,pamelacruz38,pamela.cruz@hotmail.com,872-266-5911
366,Ricardo,David,ricardodavid28,ricardo.david@hotmail.com,292-644-0978
367,Aaron,Burgess,aaronburgess56,aaron.burgess@hotmail.com,(647)832-9050x791
368,David,Mccullough,davidmccullough99,david.mccullough@gmail.com,001-485-664-6954x94699
369,Zoe,Turner,zoeturner21,zoe.turner@yahoo.com,922.891.9671x0303
370,Janet,Bryant,janetbryant85,janet.bryant@hotmail.com,+1-513-325-4160x816
371,John,Armstrong,johnarmstrong75,john.armstrong@gmail.com,224.438.1176
372,Jonathan,Anderson,jonathananderson31,jonathan.anderson@gmail.com,(996)698-7055x17085
373,Dylan,Gould,dylangould74,dylan.gould@gmail.com,001-759-936-2381x61414
374,Robin,Rodriguez,robinrodriguez72,robin.rodriguez@yahoo.com,431.580.9873x27673
375,Richard,Madden,richardmadden42,richard.madden@gmail.com,(776)650-0329x45636
376,Jennifer,Conway,jenniferconway32,jennifer.conway@hotmail.com,347-586-2052
377,Cameron,Peterson,cameronpeterson38,cameron.peterson@yahoo.com,2657611059
378,Christina,Hunter,christinahunter94,christina.hunter@gmail.com,759.774.4506x79610
379,Laura,Mcdonald,lauramcdonald69,laura.mcdonald@yahoo.com,502.586.6287x40793
380,Seth,Moss,sethmoss21,seth.moss@gmail.com,(973)463-9585x93565
381,Robert,Taylor,roberttaylor92,robert.taylor@hotmail.com,641.206.1676x859
382,Kevin,Cohen,kevincohen98,kevin.cohen@gmail.com,+1-389-671-6073x191
383,Earl,Munoz,earlmunoz42,earl.munoz@gmail.com,351.781.2584x15607
384,Joel,Warren,joelwarren12,joel.warren@hotmail.com,(738)766-1585
385,Kelly,Miller,kellymiller77,kelly.miller@hotmail.com,2352377074
386,Douglas,Evans,douglasevans44,douglas.evans@yahoo.com,(956)541-5745x37892
387,Emily,Serrano,emilyserrano46,emily.serrano@yahoo.com,585-988-7337
388,Justin,Powell,justinpowell77,justin.powell@hotmail.com,246.889.6009
389,Timothy,Ferguson,timothyferguson91,timothy.ferguson@hotmail.com,001-287-587-4701x546
390,Laurie,Smith,lauriesmith64,laurie.smith@yahoo.com,319.259.3098x95476
391,Patrick,Collins,patrickcollins80,patrick.collins@hotmail.com,780.947.8741
392,Melissa,Anderson,melissaanderson21,melissa.anderson@gmail.com,5973170403
393,Katherine,Zavala,katherinezavala91,katherine.zavala@gmail.com,001-716-298-4715x1456
394,Shawn,Atkinson,shawnatkinson41,shawn.atkinson@gmail.com,+1-570-326-5113
395,Amanda,Vargas,amandavargas72,amanda.vargas@gmail.com,998.878.3952
396,Matthew,Frazier,matthewfrazier63,matthew.frazier@yahoo.com,(903)896-0534
397,Jeremiah,Johnson,jeremiahjohnson81,jeremiah.johnson@gmail.com,(608)474-0111x703
398,Jack,Gomez,jackgomez69,jack.gomez@hotmail.com,658-338-0372x255
399,Tanya,Swanson,tanyaswanson62,tanya.swanson@hotmail.com,(222)823-9436x3254
400,Alyssa,Landry,alyssalandry77,alyssa.landry@yahoo.com,685.790.2762
401,Tiffany,Long,tiffanylong77,tiffany.long@yahoo.com,+1-540-268-4509x5697
402,Jacqueline,Simpson,jacquelinesimpson16,jacqueline.simpson@hotmail.com,996.880.5303x7675
403,Hunter,Lee,hunterlee55,hunter.lee@hotmail.com,556.834.3478
404,Lisa,Lee,lisalee88,lisa.lee@yahoo.com,958.933.2519x865
405,Richard,Nelson,richardnelson2,richard.nelson@gmail.com,001-497-736-3000x371
406,Isaiah,Mccormick,isaiahmccormick84,isaiah.mccormick@hotmail.com,001-325-813-8407x9211
407,Travis,Garcia,travisgarcia72,travis.garcia@hotmail.com,+1-834-959-3126x545
408,Nicholas,Shelton,nicholasshelton86,nicholas.shelton@yahoo.com,+1-484-742-4852
409,Henry,Owens,henryowens90,henry.owens@hotmail.com,758-604-7055x553
410,Briana,Jones,brianajones11,briana.jones@gmail.com,5585979241
411,Sandra,Adkins,sandraadkins97,sandra.adkins@yahoo.com,(570)743-9430x4272
412,Jennifer,Gonzalez,jennifergonzalez84,jennifer.gonzalez@hotmail.com,481.625.5993x768
413,Susan,Jones,susanjones77,susan.jones@hotmail.com,+1-931-268-0937x30240
414,William,Zuniga,williamzuniga48,william.zuniga@yahoo.com,001-666-397-4485x139
415,Benjamin,Walters,benjaminwalters76,benjamin.walters@hotmail.com,+1-239-464-0438x26731
416,James,Diaz,jamesdiaz12,james.diaz@yahoo.com,+1-617-961-9867x695
417,Jill,Lewis,jilllewis1,jill.lewis@yahoo.com,001-383-391-5885x66104
418,Melissa,Haley,melissahaley25,melissa.haley@yahoo.com,(335)880-9340
419,Terri,Chapman,terrichapman87,terri.chapman@gmail.com,(314)315-3211
420,Michael,Mclaughlin,michaelmclaughlin86,michael.mclaughlin@yahoo.com,001-737-260-4962x96922
421,Kara,Glass,karaglass94,kara.glass@gmail.com,472-605-9261
422,Marie,Johnson,mariejohnson20,marie.johnson@yahoo.com,568-974-8152
423,Antonio,Perez,antonioperez62,antonio.perez@hotmail.com,001-498-298-2984
424,Jose,Novak,josenovak72,jose.novak@yahoo.com,+1-817-577-3552
425,Adriana,Morgan,adrianamorgan35,adriana.morgan@gmail.com,001-655-895-6754x7858
426,John,West,johnwest70,john.west@yahoo.com,749.294.1804x084
427,Robert,Cooper,robertcooper10,robert.cooper@hotmail.com,827.948.1680x82114
428,Brooke,Brown,brookebrown20,brooke.brown@gmail.com,(961)602-0169x4323
429,Matthew,Vaughn,matthewvaughn95,matthew.vaughn@gmail.com,001-283-894-6886x37176
430,Joshua,Vasquez,joshuavasquez2,joshua.vasquez@gmail.com,001-818-820-6810
431,Riley,Rush,rileyrush9,riley.rush@hotmail.com,(287)602-4761
432,Samuel,Freeman,samuelfreeman76,samuel.freeman@gmail.com,304.994.7011x583
433,Christopher,Ross,christopherross95,christopher.ross@hotmail.com,001-416-891-0584x4731
434,Joseph,Christensen,josephchristensen78,joseph.christensen@yahoo.com,+1-345-410-8779x070
435,Carrie,Schwartz,carrieschwartz12,carrie.schwartz@yahoo.com,534-271-2652
436,Robert,Davis,robertdavis42,robert.davis@yahoo.com,+1-877-525-8408x166
437,Meghan,Holmes,meghanholmes65,meghan.holmes@yahoo.com,964-772-3387x226
438,Dominic,Chavez,dominicchavez8,dominic.chavez@gmail.com,+1-309-488-1729x2429
439,Carolyn,Watts,carolynwatts33,carolyn.watts@hotmail.com,348-745-5800
440,Sydney,Kennedy,sydneykennedy58,sydney.kennedy@hotmail.com,810.390.9052x16924
441,Tiffany,Collins,tiffanycollins56,tiffany.collins@gmail.com,854.300.9264
442,Samantha,Crawford,samanthacrawford11,samantha.crawford@hotmail.com,343-700-4630x621
443,Lori,Harper,loriharper31,lori.harper@yahoo.com,001-647-675-2218x367
444,Teresa,Thomas,teresathomas26,teresa.thomas@hotmail.com,(649)589-3017
445,Bryan,Morales,bryanmorales37,bryan.morales@yahoo.com,(592)830-7215x2566
446,Damon,Irwin,damonirwin9,damon.irwin@gmail.com,523.267.2696x465
447,Erika,Gonzalez,erikagonzalez90,erika.gonzalez@yahoo.com,939-209-3548x8023
448,Jose,Bullock,josebullock40,jose.bullock@gmail.com,8238542372
449,Kimberly,Hart,kimberlyhart39,kimberly.hart@hotmail.com,870.379.9242x3744
450,Devin,Robinson,devinrobinson93,devin.robinson@yahoo.com,2012978992
451,Robert,Townsend,roberttownsend71,robert.townsend@gmail.com,707-214-6964x12101
452,Andrew,Strickland,andrewstrickland9,andrew.strickland@yahoo.com,(970)508-5247
453,Cheryl,Ortiz,cherylortiz38,cheryl.ortiz@yahoo.com,(537)970-6878
454,Jeffrey,Morales,jeffreymorales12,jeffrey.morales@hotmail.com,349.316.1633
455,Michael,Willis,michaelwillis17,michael.willis@gmail.com,001-659-375-7188
456,Joseph,Hall,josephhall60,joseph.hall@yahoo.com,563-553-4034x654
457,Jessica,Williams,jessicawilliams15,jessica.williams@gmail.com,+1-324-997-5295x65217
458,Christina,Phelps,christinaphelps57,christina.phelps@yahoo.com,001-286-847-6101x061
459,Kenneth,Goodman,kennethgoodman78,kenneth.goodman@yahoo.com,699.714.1220x908
460,Monica,Davis,monicadavis94,monica.davis@hotmail.com,+1-460-365-0531x652
461,Angela,Garcia,angelagarcia8,angela.garcia@gmail.com,(473)487-4870x511
462,Julia,Meyers,juliameyers45,julia.meyers@gmail.com,(987)877-4949x8233
463,Jason,Watkins,jasonwatkins26,jason.watkins@gmail.com,582.583.4950
464,Erin,Miller,erinmiller32,erin.miller@yahoo.com,207.351.2359x2029
465,Michelle,Sutton,michellesutton19,michelle.sutton@yahoo.com,835.641.6058
466,George,Mccormick,georgemccormick42,george.mccormick@gmail.com,734-420-3949x48486
467,Kristie,Carter,kristiecarter89,kristie.carter@hotmail.com,400.925.5946x347
468,Jeffrey,Kramer,jeffreykramer40,jeffrey.kramer@gmail.com,399-959-3215x42873
469,Reginald,Weiss,reginaldweiss60,reginald.weiss@gmail.com,337-891-5900
470,Nicholas,George,nicholasgeorge81,nicholas.george@hotmail.com,+1-951-930-7006
471,Cynthia,Allen,cynthiaallen23,cynthia.allen@hotmail.com,(735)680-2938
472,Virginia,Morgan,virginiamorgan10,virginia.morgan@hotmail.com,559-657-5174
473,Joshua,Duarte,joshuaduarte47,joshua.duarte@gmail.com,4665315934
474,Jessica,Pennington,jessicapennington83,jessica.pennington@hotmail.com,392.584.2759x549
475,Barbara,Flores,barbaraflores29,barbara.flores@yahoo.com,914.478.2072x0552
476,Juan,Bass,juanbass51,juan.bass@gmail.com,850.871.3865
477,Theresa,Johnson,theresajohnson2,theresa.johnson@gmail.com,(380)979-6539
478,Crystal,Cooper,crystalcooper68,crystal.cooper@yahoo.com,318-857-5931x908
479,Jessica,Thomas,jessicathomas86,jessica.thomas@gmail.com,946-454-7727x11745
480,James,Robinson,jamesrobinson73,james.robinson@yahoo.com,819.970.7793x93972
481,Richard,Mejia,richardmejia94,richard.mejia@hotmail.com,(590)734-2318x9359
482,Jessica,Wang,jessicawang50,jessica.wang@hotmail.com,240-221-2681
483,Charles,Arnold,charlesarnold91,charles.arnold@gmail.com,(539)286-2093x81706
484,Toni,Howe,tonihowe34,toni.howe@yahoo.com,(695)523-7196
485,Jonathan,Gordon,jonathangordon7,jonathan.gordon@yahoo.com,(449)948-8455
486,Michelle,Nelson,michellenelson18,michelle.nelson@gmail.com,(862)862-9345x63076
487,Samantha,Ramirez,samantharamirez12,samantha.ramirez@gmail.com,542.355.3093x993
488,Travis,Sanders,travissanders67,travis.sanders@gmail.com,+1-330-231-2438x70572
489,Kimberly,Williams,kimberlywilliams92,kimberly.williams@yahoo.com,448-834-8120
490,Andrew,Figueroa,andrewfigueroa65,andrew.figueroa@gmail.com,7859777880
491,Ryan,Ho,ryanho27,ryan.ho@hotmail.com,407-389-2053x1629
492,Michael,Mcdaniel,michaelmcdaniel59,michael.mcdaniel@gmail.com,(470)517-4924x289
493,Rhonda,Young,rhondayoung67,rhonda.young@yahoo.com,+1-650-731-4988x6558
494,Patrick,Bartlett,patrickbartlett43,patrick.bartlett@yahoo.com,218.282.0540
495,Thomas,Harvey,thomasharvey67,thomas.harvey@yahoo.com,666.510.8888
496,Paul,Taylor,paultaylor86,paul.taylor@hotmail.com,745-204-3646x5329
497,Brandon,Mcintosh,brandonmcintosh92,brandon.mcintosh@yahoo.com,+1-593-274-6679x531
498,William,Johnson,williamjohnson54,william.johnson@yahoo.com,479.890.7632
499,James,Brown,jamesbrown11,james.brown@gmail.com,001-456-896-6356x37872
500,Ryan,Jackson,ryanjackson89,ryan.jackson@hotmail.com,(220)790-6642
501,Cheryl,West,cherylwest51,cheryl.west@hotmail.com,+1-480-450-6167
502,Kristin,Anderson,kristinanderson86,kristin.anderson@gmail.com,+1-725-583-5396x05543
503,Christopher,Patel,christopherpatel68,christopher.patel@yahoo.com,+1-998-951-7712x580
504,Christopher,Brown,christopherbrown23,christopher.brown@gmail.com,232-881-5349x0538
505,Kara,Richardson,kararichardson57,kara.richardson@hotmail.com,+1-690-280-4202x93533
506,Ashley,Young,ashleyyoung90,ashley.young@yahoo.com,(520)492-6734x6132
507,Bradley,Fuller,bradleyfuller69,bradley.fuller@hotmail.com,(527)464-9132
508,Nancy,Stevens,nancystevens53,nancy.stevens@yahoo.com,001-623-529-4693x9917
509,Rachel,Logan,rachellogan6,rachel.logan@gmail.com,(529)680-7596x81389
510,Kimberly,Walker,kimberlywalker69,kimberly.walker@gmail.com,+1-208-748-6017x132
511,Susan,Jordan,susanjordan43,susan.jordan@hotmail.com,(712)748-4704x96750
512,Natalie,Watson,nataliewatson97,natalie.watson@hotmail.com,568-885-5421x72406
513,Ronald,Wright,ronaldwright48,ronald.wright@hotmail.com,(296)544-9617
514,Isabel,Medina,isabelmedina49,isabel.medina@hotmail.com,857.252.2348x39798
515,Christine,Thomas,christinethomas5,christine.thomas@hotmail.com,+1-415-438-4075
516,Lynn,Hill,lynnhill65,lynn.hill@yahoo.com,785-261-0035
517,Rachael,Green,rachaelgreen90,rachael.green@yahoo.com,+1-783-558-5618x562
518,Kelly,Jackson,kellyjackson52,kelly.jackson@hotmail.com,001-282-455-6233x87562
519,Shawn,Gardner,shawngardner16,shawn.gardner@gmail.com,7946333995
520,Eric,Lopez,ericlopez21,eric.lopez@yahoo.com,+1-870-817-0963
521,David,Porter,davidporter62,david.porter@yahoo.com,(598)737-1005x101
522,Brandi,Benson,brandibenson76,brandi.benson@yahoo.com,+1-910-557-9966x32921
523,Elizabeth,Williams,elizabethwilliams57,elizabeth.williams@hotmail.com,+1-601-367-4114
524,Gina,Stevens,ginastevens77,gina.stevens@hotmail.com,596-486-0172x540
525,Suzanne,Palmer,suzannepalmer72,suzanne.palmer@yahoo.com,849.603.7940x1534
526,John,Gonzalez,johngonzalez28,john.gonzalez@yahoo.com,+1-754-909-4157x2557
527,Fernando,Wall,fernandowall78,fernando.wall@hotmail.com,271-752-2425
528,Ashley,Hensley,ashleyhensley97,ashley.hensley@gmail.com,+1-601-992-1854
529,Jacqueline,Harrington,jacquelineharrington5,jacqueline.harrington@hotmail.com,953.708.7118x13654
530,Jocelyn,Buck,jocelynbuck54,jocelyn.buck@yahoo.com,817-280-6701
531,Christopher,Benson,christopherbenson83,christopher.benson@hotmail.com,001-706-323-8580x2772
532,John,Ballard,johnballard61,john.ballard@hotmail.com,289-648-3018x029
533,Laura,Horne,laurahorne76,laura.horne@yahoo.com,3982035595
534,Margaret,Young,margaretyoung37,margaret.young@gmail.com,(622)476-6539x046
535,Kevin,Wilson,kevinwilson12,kevin.wilson@hotmail.com,(849)844-1100
536,Jacob,Santos,jacobsantos54,jacob.santos@hotmail.com,528.354.1549x2372
537,Heather,Boyd,heatherboyd63,heather.boyd@yahoo.com,(297)908-1820x4414
538,Brent,Mathis,brentmathis41,brent.mathis@gmail.com,599-732-7782x55686
539,Jose,Adams,joseadams17,jose.adams@gmail.com,364.955.4609x566
540,John,Wade,johnwade82,john.wade@hotmail.com,994-512-8951
541,Jenna,Russell,jennarussell2,jenna.russell@yahoo.com,(636)794-8448x3607
542,Jamie,Dean,jamiedean45,jamie.dean@hotmail.com,662-982-9595
543,Christina,Rivera,christinarivera21,christina.rivera@gmail.com,001-897-436-3774
544,Matthew,Hicks,matthewhicks63,matthew.hicks@hotmail.com,(854)564-1712x13476
545,Christopher,Kane,christopherkane76,christopher.kane@gmail.com,3044671433
546,Kevin,Morrison,kevinmorrison62,kevin.morrison@yahoo.com,815-656-3855x030
547,Tricia,Bowers,triciabowers86,tricia.bowers@yahoo.com,497-910-1615
548,Ian,Schneider,ianschneider34,ian.schneider@hotmail.com,877.913.9770x437
549,Justin,Estes,justinestes21,justin.estes@yahoo.com,259-238-3806x34639
550,Christina,Jensen,christinajensen82,christina.jensen@hotmail.com,957-401-1883x693
551,Lorraine,Franco,lorrainefranco88,lorraine.franco@gmail.com,215-592-0690x7086
552,Rhonda,Gardner,rhondagardner6,rhonda.gardner@hotmail.com,(386)708-7775
553,Alicia,Rhodes,aliciarhodes77,alicia.rhodes@hotmail.com,(480)826-3837x815
554,Chase,Gray,chasegray63,chase.gray@yahoo.com,(946)475-5782
555,Christina,Bird,christinabird60,christina.bird@hotmail.com,450.978.2179
556,Jonathan,Mendez,jonathanmendez24,jonathan.mendez@hotmail.com,2122551821
557,Mary,Cooke,marycooke18,mary.cooke@gmail.com,001-753-942-6267
558,Kimberly,Perez,kimberlyperez62,kimberly.perez@gmail.com,+1-799-764-7546
559,Adam,Smith,adamsmith93,adam.smith@yahoo.com,817.860.0777
560,Ana,Wilson,anawilson24,ana.wilson@hotmail.com,(928)848-7940
561,Ross,Sparks,rosssparks51,ross.sparks@yahoo.com,001-760-904-0795x91442
562,Marco,Turner,marcoturner31,marco.turner@hotmail.com,506.812.5882
563,David,Oconnor,davidoconnor3,david.oconnor@gmail.com,563-358-1882x66438
564,Tyler,Travis,tylertravis82,tyler.travis@yahoo.com,001-715-526-7073x7536
565,Sarah,White,sarahwhite46,sarah.white@gmail.com,001-260-700-7929x885
566,Daniel,Bryant,danielbryant57,daniel.bryant@yahoo.com,945.313.0233
567,Carla,Mills,carlamills63,carla.mills@gmail.com,+1-700-677-6327x3737
568,Kenneth,Gillespie,kennethgillespie3,kenneth.gillespie@yahoo.com,471-430-0458x8469
569,Jason,Morris,jasonmorris84,jason.morris@yahoo.com,679.373.9738x461
570,Alexander,Hardin,alexanderhardin38,alexander.hardin@hotmail.com,001-623-551-7853
571,Margaret,Stevenson,margaretstevenson16,margaret.stevenson@gmail.com,+1-576-396-7608
572,David,Hunt,davidhunt9,david.hunt@hotmail.com,504.950.9386x918
573,Troy,Vincent,troyvincent19,troy.vincent@yahoo.com,+1-650-936-6047x91294
574,Joseph,Silva,josephsilva12,joseph.silva@hotmail.com,+1-912-334-4797x15282
575,Jason,Wright,jasonwright3,jason.wright@hotmail.com,5934725456
576,Glenda,Wright,glendawright87,glenda.wright@yahoo.com,534.439.7249x1608
577,William,Mills,williammills17,william.mills@hotmail.com,001-288-859-2608x7016
578,Natasha,Petty,natashapetty68,natasha.petty@yahoo.com,830-627-6380x847
579,Lori,Sanchez,lorisanchez35,lori.sanchez@hotmail.com,001-980-532-9559x40717
580,Nicole,Ramirez,nicoleramirez34,nicole.ramirez@hotmail.com,536-293-9250x646
581,Kevin,Johnson,kevinjohnson4,kevin.johnson@hotmail.com,+1-860-640-9572x5505
582,Aaron,Maddox,aaronmaddox22,aaron.maddox@yahoo.com,(630)210-2904x732
583,Alexander,Ortiz,alexanderortiz14,alexander.ortiz@hotmail.com,316.709.6816
584,Matthew,Rodgers,matthewrodgers90,matthew.rodgers@yahoo.com,936.684.4932
585,Stephen,Keith,stephenkeith45,stephen.keith@yahoo.com,(676)551-9440x225
586,Steven,Bradley,stevenbradley94,steven.bradley@yahoo.com,+1-327-736-6081
587,Blake,Powers,blakepowers42,blake.powers@gmail.com,(936)660-4897
588,Jacob,Bright,jacobbright4,jacob.bright@yahoo.com,881.451.7443
589,Joyce,Gonzalez,joycegonzalez36,joyce.gonzalez@hotmail.com,866-389-4716
590,Linda,Jenkins,lindajenkins49,linda.jenkins@gmail.com,578-781-7137x0447
591,Jeffrey,Patton,jeffreypatton56,jeffrey.patton@gmail.com,2272400682
592,Olivia,Huber,oliviahuber90,olivia.huber@gmail.com,556-912-1640x82286
593,Michael,Woods,michaelwoods28,michael.woods@gmail.com,(595)992-1387
594,Jamie,Adkins,jamieadkins13,jamie.adkins@gmail.com,+1-639-212-7271x6171
595,Denise,Wallace,denisewallace34,denise.wallace@gmail.com,228.394.9250x54388
596,Rita,Joseph,ritajoseph8,rita.joseph@gmail.com,(533)449-7810
597,Victoria,Martin,victoriamartin43,victoria.martin@hotmail.com,955-543-9974
598,Catherine,Estrada,catherineestrada22,catherine.estrada@gmail.com,520-389-6200
599,Shaun,Carter,shauncarter25,shaun.carter@yahoo.com,+1-407-309-4082x1954
600,Howard,Smith,howardsmith69,howard.smith@yahoo.com,(881)798-0405
601,Carly,Dunn,carlydunn90,carly.dunn@yahoo.com,+1-665-237-8453
602,James,Nixon,jamesnixon72,james.nixon@gmail.com,(809)330-4291
603,Kristina,Alexander,kristinaalexander8,kristina.alexander@yahoo.com,+1-607-915-7885
604,Michael,Silva,michaelsilva4,michael.silva@hotmail.com,5047708300
605,Lauren,Meyer,laurenmeyer5,lauren.meyer@gmail.com,(850)758-9277
606,Anna,Thompson,annathompson4,anna.thompson@hotmail.com,001-703-624-9907x283
607,Kristen,Moss,kristenmoss51,kristen.moss@yahoo.com,755.605.5047
608,Susan,Simpson,susansimpson80,susan.simpson@gmail.com,521-270-4487x1608
609,Amber,Lee,amberlee5,amber.lee@yahoo.com,724-355-3353x57983
610,Samuel,Miller,samuelmiller29,samuel.miller@gmail.com,+1-698-270-3775x296
611,Gary,Bender,garybender91,gary.bender@gmail.com,899.648.3313
612,Tonya,Johnson,tonyajohnson39,tonya.johnson@hotmail.com,966-308-0557x90295
613,Caleb,Davis,calebdavis14,caleb.davis@gmail.com,620-273-7016
614,Jessica,Hall,jessicahall53,jessica.hall@yahoo.com,001-556-423-1417
615,Whitney,Jones,whitneyjones59,whitney.jones@gmail.com,907-974-9722x0750
616,Thomas,Jones,thomasjones96,thomas.jones@yahoo.com,+1-644-830-9562x97113
617,Tammy,Galloway,tammygalloway71,tammy.galloway@hotmail.com,(836)837-3539x3915
618,Erin,Jackson,erinjackson6,erin.jackson@gmail.com,001-838-547-7898x46397
619,Megan,Davis,megandavis47,megan.davis@gmail.com,779.497.0845
620,Jacob,Robinson,jacobrobinson64,jacob.robinson@gmail.com,(671)621-0704x804
621,Sherry,Harris,sherryharris97,sherry.harris@hotmail.com,(331)858-1842x84523
622,Timothy,Sanders,timothysanders68,timothy.sanders@hotmail.com,466.403.1385
623,Jacob,Bradley,jacobbradley16,jacob.bradley@gmail.com,+1-782-984-9995
624,Nathaniel,Garcia,nathanielgarcia40,nathaniel.garcia@gmail.com,+1-316-247-6784x8212
625,Michael,White,michaelwhite1,michael.white@hotmail.com,907.517.4227
626,Jeffrey,Smith,jeffreysmith68,jeffrey.smith@gmail.com,(655)629-9391
627,Kristin,Brown,kristinbrown14,kristin.brown@yahoo.com,775.276.1890
628,Matthew,Deleon,matthewdeleon11,matthew.deleon@hotmail.com,001-930-331-8386x09636
629,Frank,Lawrence,franklawrence95,frank.lawrence@yahoo.com,001-741-909-8085x25534
630,Krista,Henry,kristahenry79,krista.henry@yahoo.com,001-262-880-1026
631,Jill,Brewer,jillbrewer6,jill.brewer@hotmail.com,(334)785-0979x28037
632,Jared,Chavez,jaredchavez76,jared.chavez@hotmail.com,489.491.7317
633,Grace,Schmidt,graceschmidt51,grace.schmidt@gmail.com,406.329.2143x25268
634,Eric,Hawkins,erichawkins51,eric.hawkins@hotmail.com,906-630-4908x33877
635,Becky,Huffman,beckyhuffman20,becky.huffman@yahoo.com,001-588-942-3282x9462
636,Sarah,Brown,sarahbrown88,sarah.brown@yahoo.com,339-625-5122
637,Samuel,Ochoa,samuelochoa69,samuel.ochoa@yahoo.com,(424)984-1839x8546
638,Scott,Conway,scottconway83,scott.conway@gmail.com,001-478-971-7046x30693
639,Clayton,Young,claytonyoung21,clayton.young@hotmail.com,001-982-626-4164
640,Jennifer,Spencer,jenniferspencer64,jennifer.spencer@yahoo.com,823.646.2948
641,John,Porter,johnporter16,john.porter@gmail.com,579-651-5924
642,David,Romero,davidromero6,david.romero@yahoo.com,(417)201-3285
643,Ryan,Ellis,ryanellis38,ryan.ellis@yahoo.com,886-985-5725x706
644,Matthew,Baker,matthewbaker46,matthew.baker@yahoo.com,+1-497-845-4674x2481
645,Tonya,Jones,tonyajones41,tonya.jones@hotmail.com,5317536865
646,Corey,Reed,coreyreed17,corey.reed@yahoo.com,5488527849
647,Jason,Mason,jasonmason87,jason.mason@yahoo.com,+1-581-938-2447
648,Veronica,Jackson,veronicajackson60,veronica.jackson@hotmail.com,001-474-209-4845
649,Melissa,Henry,melissahenry32,melissa.henry@hotmail.com,942-251-0797x3211
650,Jacob,Carney,jacobcarney89,jacob.carney@gmail.com,408.554.8748
651,Bradley,Stone,bradleystone11,bradley.stone@yahoo.com,001-268-413-2281x2329
652,Cheryl,Neal,cherylneal41,cheryl.neal@hotmail.com,9817906708
653,Angela,Jackson,angelajackson49,angela.jackson@hotmail.com,3489247480
654,Alexander,Morris,alexandermorris52,alexander.morris@gmail.com,898-653-9335x211
655,Nicholas,Perkins,nicholasperkins74,nicholas.perkins@hotmail.com,642-560-1357x68363
656,Melissa,Taylor,melissataylor84,melissa.taylor@gmail.com,904.896.7495
657,Ryan,Cook,ryancook12,ryan.cook@gmail.com,(492)294-4488
658,Nicole,Simon,nicolesimon99,nicole.simon@yahoo.com,(758)399-5274
659,Hannah,Hughes,hannahhughes42,hannah.hughes@yahoo.com,+1-850-640-9788
660,Mary,White,marywhite29,mary.white@gmail.com,516.288.9074
661,Jacqueline,Salazar,jacquelinesalazar81,jacqueline.salazar@yahoo.com,+1-335-427-9588x4076
662,Krystal,Thompson,krystalthompson32,krystal.thompson@yahoo.com,+1-364-317-1245x3339
663,Julie,Haley,juliehaley95,julie.haley@gmail.com,001-525-437-1856x563
664,Nicholas,Bass,nicholasbass54,nicholas.bass@yahoo.com,(901)501-3660
665,Heather,Barker,heatherbarker67,heather.barker@gmail.com,+1-893-467-4923x397
666,Regina,Savage,reginasavage48,regina.savage@gmail.com,(799)250-6693
667,Christina,Todd,christinatodd42,christina.todd@yahoo.com,853.309.6277x829
668,Joseph,Figueroa,josephfigueroa90,joseph.figueroa@hotmail.com,300.234.0944x1303
669,Judy,Thompson,judythompson7,judy.thompson@yahoo.com,+1-472-983-7272x159
670,Kellie,Moore,kelliemoore10,kellie.moore@gmail.com,+1-227-936-5521x39911
671,Amanda,Long,amandalong96,amanda.long@yahoo.com,301.825.3859
672,Anthony,Jones,anthonyjones53,anthony.jones@hotmail.com,(710)494-0485x24825
673,Jake,Spencer,jakespencer31,jake.spencer@gmail.com,946.874.2586x5840
674,Vicki,Lewis,vickilewis69,vicki.lewis@gmail.com,(491)800-3642
675,James,Tucker,jamestucker17,james.tucker@hotmail.com,001-936-802-4330x61717
676,Jonathan,Crawford,jonathancrawford8,jonathan.crawford@hotmail.com,(464)472-5512
677,Mindy,Lewis,mindylewis51,mindy.lewis@hotmail.com,+1-821-851-8677x2881
678,Ian,Scott,ianscott31,ian.scott@hotmail.com,001-482-853-6104x83936
679,Scott,Ford,scottford48,scott.ford@hotmail.com,401-530-8384
680,Dawn,Richard,dawnrichard84,dawn.richard@yahoo.com,001-452-967-6849x3892
681,Jason,Johnson,jasonjohnson23,jason.johnson@gmail.com,6574769621
682,Benjamin,Turner,benjaminturner91,benjamin.turner@gmail.com,001-733-564-1769x44206
683,Robin,Raymond,robinraymond41,robin.raymond@gmail.com,+1-321-950-4033x268
684,Kevin,Pennington,kevinpennington23,kevin.pennington@gmail.com,(450)822-7435x18680
685,Tammy,Harris,tammyharris30,tammy.harris@yahoo.com,3608333260
686,Anthony,Sullivan,anthonysullivan28,anthony.sullivan@yahoo.com,001-690-259-2387
687,Heather,Herman,heatherherman75,heather.herman@gmail.com,(441)621-0381
688,Madison,Kelly,madisonkelly68,madison.kelly@gmail.com,896.805.5269x9069
689,Kelli,Cook,kellicook74,kelli.cook@hotmail.com,253.622.6577x0456
690,Mariah,Mullins,mariahmullins26,mariah.mullins@gmail.com,+1-386-695-7107
691,Cindy,Carpenter,cindycarpenter37,cindy.carpenter@gmail.com,994-488-4146x708
692,David,Montes,davidmontes18,david.montes@gmail.com,+1-449-239-7811x4461
693,Sandra,Yates,sandrayates35,sandra.yates@yahoo.com,887.661.1558x986
694,Anthony,Day,anthonyday71,anthony.day@gmail.com,3175712878
695,Rachel,Simmons,rachelsimmons80,rachel.simmons@yahoo.com,001-830-333-2508
696,Cheryl,Ramos,cherylramos7,cheryl.ramos@yahoo.com,485.204.9313
697,Steve,Mora,stevemora14,steve.mora@gmail.com,214.357.1144
698,Fred,Williams,fredwilliams53,fred.williams@gmail.com,+1-354-949-5354
699,William,Hunt,williamhunt21,william.hunt@hotmail.com,435.210.2402
700,Zachary,Velez,zacharyvelez85,zachary.velez@yahoo.com,+1-629-338-7497
701,Dana,Rivera,danarivera39,dana.rivera@gmail.com,001-851-688-5082
702,Lisa,Hartman,lisahartman88,lisa.hartman@gmail.com,878.703.6714x22725
703,Sean,Scott,seanscott78,sean.scott@hotmail.com,504.952.9292
704,Jay,Stark,jaystark21,jay.stark@yahoo.com,+1-930-677-8949
705,Barry,Chase,barrychase21,barry.chase@hotmail.com,674.489.9997
706,Julie,Lee,julielee55,julie.lee@gmail.com,852-922-5698
707,Timothy,Collins,timothycollins47,timothy.collins@yahoo.com,001-902-744-5995x0834
708,Spencer,Williams,spencerwilliams14,spencer.williams@gmail.com,290.761.4914x897
709,Julie,Robinson,julierobinson83,julie.robinson@gmail.com,983-754-4932
710,Gary,Wolf,garywolf49,gary.wolf@hotmail.com,001-745-522-2158x22076
711,Hunter,Torres,huntertorres78,hunter.torres@hotmail.com,(990)819-2752x41556
712,Yvonne,Lee,yvonnelee45,yvonne.lee@hotmail.com,738.598.4833
713,James,Lewis,jameslewis95,james.lewis@gmail.com,4518160397
714,Sabrina,Walker,sabrinawalker14,sabrina.walker@hotmail.com,001-527-678-7881
715,Jessica,Hudson,jessicahudson95,jessica.hudson@gmail.com,(416)357-0295x7387
716,Tyler,Lambert,tylerlambert63,tyler.lambert@hotmail.com,+1-458-233-3415x81137
717,Mary,Jones,maryjones82,mary.jones@gmail.com,+1-453-957-5919x9012
718,Matthew,Sims,matthewsims20,matthew.sims@yahoo.com,001-564-462-0617x684
719,Scott,Goodwin,scottgoodwin86,scott.goodwin@hotmail.com,+1-856-592-1880
720,Debbie,Vargas,debbievargas7,debbie.vargas@gmail.com,573-545-2587x911
721,Julie,Brown,juliebrown68,julie.brown@yahoo.com,790.959.7145
722,Adam,Vazquez,adamvazquez49,adam.vazquez@hotmail.com,648-621-0870x222
723,Gabriel,Patterson,gabrielpatterson35,gabriel.patterson@yahoo.com,+1-565-231-9946x18499
724,Amanda,Tucker,amandatucker93,amanda.tucker@gmail.com,6699843426
725,Christina,Kelly,christinakelly5,christina.kelly@yahoo.com,001-643-385-4151
726,Frank,Rangel,frankrangel57,frank.rangel@gmail.com,617-735-5041x0540
727,Joshua,Cowan,joshuacowan6,joshua.cowan@gmail.com,+1-634-353-8175x99750
728,Frederick,Hale,frederickhale44,frederick.hale@yahoo.com,3647422884
729,Paul,Tanner,paultanner30,paul.tanner@hotmail.com,796.403.8224x597
730,Andrea,Preston,andreapreston4,andrea.preston@gmail.com,227-562-2811x7392
731,Laura,Miller,lauramiller2,laura.miller@gmail.com,578-857-0557x69816
732,Isaiah,Tanner,isaiahtanner60,isaiah.tanner@hotmail.com,490-553-1811
733,Felicia,Day,feliciaday57,felicia.day@gmail.com,001-261-851-8787x4635
734,Sarah,Skinner,sarahskinner64,sarah.skinner@hotmail.com,358.390.5164x61999
735,Anna,Moore,annamoore71,anna.moore@yahoo.com,608-956-6182x67060
736,Jessica,Johnson,jessicajohnson38,jessica.johnson@yahoo.com,578-244-7445x43754
737,Alexander,Butler,alexanderbutler80,alexander.butler@yahoo.com,+1-604-331-3817x33668
738,Paul,Day,paulday13,paul.day@hotmail.com,+1-233-978-3221x67968
739,John,Moore,johnmoore51,john.moore@hotmail.com,6055369957
740,Brandon,Padilla,brandonpadilla6,brandon.padilla@hotmail.com,001-449-435-5308x7479
741,Kimberly,Dunn,kimberlydunn43,kimberly.dunn@hotmail.com,870.729.9369
742,Kayla,Buckley,kaylabuckley93,kayla.buckley@yahoo.com,324.546.5883x2509
743,Kristin,Miller,kristinmiller93,kristin.miller@yahoo.com,001-656-338-3669x610
744,Nathan,Jones,nathanjones26,nathan.jones@hotmail.com,232.465.8901x3411
745,Nichole,Anthony,nicholeanthony91,nichole.anthony@gmail.com,877-869-7361x769
746,Nicholas,Austin,nicholasaustin47,nicholas.austin@yahoo.com,(919)992-3241x27843
747,Julie,Rodriguez,julierodriguez41,julie.rodriguez@yahoo.com,476-718-8419
748,Margaret,Knapp,margaretknapp67,margaret.knapp@yahoo.com,517.486.0223x671
749,Joseph,Allen,josephallen11,joseph.allen@hotmail.com,4596840510
750,Tracy,Reyes,tracyreyes99,tracy.reyes@yahoo.com,(603)303-0650
751,Kari,Larson,karilarson22,kari.larson@hotmail.com,840-518-7242x4738
752,Heather,Whitehead,heatherwhitehead56,heather.whitehead@hotmail.com,+1-648-597-3538x8102
753,Keith,Morris,keithmorris67,keith.morris@gmail.com,742.515.8483
754,Kimberly,Lewis,kimberlylewis50,kimberly.lewis@hotmail.com,5799516962
755,Mark,Rogers,markrogers21,mark.rogers@gmail.com,719-497-7480x5602
756,Michael,Morales,michaelmorales27,michael.morales@gmail.com,680-935-1522
757,Willie,Lowe,willielowe56,willie.lowe@yahoo.com,+1-490-285-2331
758,James,Duncan,jamesduncan33,james.duncan@gmail.com,001-648-579-0381x1828
759,Cynthia,Clark,cynthiaclark22,cynthia.clark@gmail.com,001-507-908-8342
760,Rebecca,Davidson,rebeccadavidson80,rebecca.davidson@hotmail.com,+1-479-825-3818x7942
761,Stuart,Scott,stuartscott49,stuart.scott@hotmail.com,300.380.6631
762,Julian,Graham,juliangraham10,julian.graham@gmail.com,264-249-5386x691
763,Toni,Webb,toniwebb53,toni.webb@hotmail.com,(200)435-8675x46425
764,Margaret,Walker,margaretwalker96,margaret.walker@hotmail.com,218-939-3140x824
765,Jennifer,Vasquez,jennifervasquez92,jennifer.vasquez@hotmail.com,3512867344
766,Linda,Parker,lindaparker10,linda.parker@yahoo.com,+1-914-214-0650x409
767,Ashley,Meza,ashleymeza92,ashley.meza@hotmail.com,2523050425
768,Joseph,Ayala,josephayala28,joseph.ayala@gmail.com,834-601-2427
769,Kristin,Bailey,kristinbailey45,kristin.bailey@hotmail.com,001-620-403-8991x234
770,Cody,Hernandez,codyhernandez25,cody.hernandez@gmail.com,+1-418-530-1100x57336
771,Lisa,Newman,lisanewman3,lisa.newman@yahoo.com,527.547.4373x29913
772,April,Hudson,aprilhudson57,april.hudson@gmail.com,+1-339-872-5947x001
773,Manuel,Martinez,manuelmartinez15,manuel.martinez@gmail.com,001-602-559-0033x24548
774,Kevin,Baldwin,kevinbaldwin66,kevin.baldwin@gmail.com,+1-875-370-8443x3079
775,Jerry,Wilson,jerrywilson72,jerry.wilson@gmail.com,(405)288-0687
776,Sandra,Smith,sandrasmith45,sandra.smith@yahoo.com,263.991.3840x763
777,James,Burch,jamesburch49,james.burch@hotmail.com,001-575-695-0375
778,Randy,Brown,randybrown75,randy.brown@hotmail.com,+1-335-358-4041x4557
779,Paul,Kim,paulkim48,paul.kim@yahoo.com,(864)595-8608x5105
780,Robert,Soto,robertsoto94,robert.soto@hotmail.com,710.529.6235
781,Christopher,Diaz,christopherdiaz19,christopher.diaz@yahoo.com,+1-996-889-7137x88407
782,Darren,Murphy,darrenmurphy22,darren.murphy@yahoo.com,+1-827-330-2934x4053
783,Donald,Casey,donaldcasey64,donald.casey@yahoo.com,001-387-426-3077x93248
784,Christopher,Davis,christopherdavis85,christopher.davis@hotmail.com,(405)976-6666x396
785,Linda,Thompson,lindathompson11,linda.thompson@hotmail.com,(777)371-4914x6242
786,Maureen,Lara,maureenlara35,maureen.lara@yahoo.com,676.220.3871
787,Brett,Sanchez,brettsanchez56,brett.sanchez@hotmail.com,840.623.1853
788,Bryan,Hunt,bryanhunt60,bryan.hunt@gmail.com,892-830-7478x31346
789,Samantha,Wallace,samanthawallace49,samantha.wallace@gmail.com,+1-312-559-0409x705
790,Morgan,Mcdonald,morganmcdonald31,morgan.mcdonald@yahoo.com,001-640-266-0531
791,Steven,Wolf,stevenwolf64,steven.wolf@hotmail.com,(474)823-7152
792,Clifford,Grant,cliffordgrant47,clifford.grant@hotmail.com,4913473308
793,Evan,Mitchell,evanmitchell32,evan.mitchell@yahoo.com,737-267-2875x9371
794,Madison,Gomez,madisongomez93,madison.gomez@gmail.com,+1-555-751-2927x54316
795,Jessica,Dyer,jessicadyer19,jessica.dyer@gmail.com,909-873-7555
796,Robin,Gibson,robingibson97,robin.gibson@gmail.com,6724070615
797,Julia,Horton,juliahorton75,julia.horton@hotmail.com,001-710-500-7104x774
798,Richard,Lopez,richardlopez58,richard.lopez@hotmail.com,001-345-727-5501x50288
799,Jeremy,Jackson,jeremyjackson86,jeremy.jackson@gmail.com,(665)254-1624x15666
800,Kenneth,Powell,kennethpowell35,kenneth.powell@hotmail.com,001-654-990-0330x41280
801,Courtney,Hogan,courtneyhogan31,courtney.hogan@hotmail.com,674.803.8950x768
802,Sarah,Gibbs,sarahgibbs5,sarah.gibbs@yahoo.com,(758)235-6603x335
803,Michelle,Williams,michellewilliams77,michelle.williams@gmail.com,001-262-751-3765x22222
804,Kaitlyn,Kirby,kaitlynkirby48,kaitlyn.kirby@hotmail.com,001-861-812-5246x1813
805,Patricia,Navarro,patricianavarro85,patricia.navarro@gmail.com,(274)929-0964
806,Brianna,Rich,briannarich73,brianna.rich@yahoo.com,7704051246
807,Joanne,Martinez,joannemartinez93,joanne.martinez@hotmail.com,983.315.2387x90309
808,Austin,Vega,austinvega25,austin.vega@gmail.com,+1-423-878-2218x802
809,Rodney,Brown,rodneybrown15,rodney.brown@yahoo.com,353.261.8610
810,Michael,Davidson,michaeldavidson79,michael.davidson@yahoo.com,(502)749-5288
811,Christian,Mendoza,christianmendoza4,christian.mendoza@yahoo.com,+1-916-708-8635x427
812,Anthony,Anderson,anthonyanderson46,anthony.anderson@hotmail.com,+1-931-701-7516x258
813,Abigail,Sanders,abigailsanders45,abigail.sanders@yahoo.com,874.372.6579x5808
814,Norma,Reynolds,normareynolds38,norma.reynolds@yahoo.com,(815)914-8826x43856
815,Ashley,Johnson,ashleyjohnson88,ashley.johnson@gmail.com,300.910.0730x2762
816,Matthew,Owens,matthewowens83,matthew.owens@yahoo.com,313-749-4972x3373
817,Carolyn,Davis,carolyndavis57,carolyn.davis@hotmail.com,904.385.6823
818,Crystal,Sparks,crystalsparks31,crystal.sparks@hotmail.com,685.851.6745x798
819,Brandi,Scott,brandiscott70,brandi.scott@hotmail.com,(653)500-6462x56607
820,Lauren,Jones,laurenjones5,lauren.jones@yahoo.com,852.436.0973
821,Christian,Weaver,christianweaver99,christian.weaver@yahoo.com,217.523.2911
822,Mitchell,Wright,mitchellwright10,mitchell.wright@gmail.com,919.994.7970x31723
823,Sandra,Weaver,sandraweaver4,sandra.weaver@gmail.com,582.235.8916x2121
824,Kristen,Pope,kristenpope39,kristen.pope@gmail.com,(600)556-3372x15746
825,Tara,Bean,tarabean5,tara.bean@yahoo.com,001-527-435-7797x747
826,Gregory,Davies,gregorydavies85,gregory.davies@gmail.com,(719)479-0900
827,John,Garcia,johngarcia67,john.garcia@gmail.com,001-540-813-6259x619
828,Justin,Lawson,justinlawson29,justin.lawson@yahoo.com,391.940.6718x710
829,John,Jones,johnjones82,john.jones@gmail.com,921-273-2651x99589
830,Erin,Brown,erinbrown27,erin.brown@gmail.com,+1-866-449-3688x02611
831,Karen,Johnson,karenjohnson58,karen.johnson@hotmail.com,(762)952-5746
832,Priscilla,Graves,priscillagraves7,priscilla.graves@yahoo.com,+1-555-957-8081x340
833,Tracy,Jones,tracyjones61,tracy.jones@gmail.com,241.584.6036
834,Brandon,Newton,brandonnewton22,brandon.newton@gmail.com,662-964-7320
835,Gabriel,Watson,gabrielwatson91,gabriel.watson@hotmail.com,377-655-3125x938
836,Daniel,Mcguire,danielmcguire28,daniel.mcguire@hotmail.com,795.411.4705
837,Michelle,Banks,michellebanks31,michelle.banks@hotmail.com,605.313.5908x918
838,Dylan,Goodwin,dylangoodwin37,dylan.goodwin@yahoo.com,(529)227-1031x34424
839,Thomas,Moran,thomasmoran99,thomas.moran@gmail.com,654-558-8707
840,Deborah,Manning,deborahmanning73,deborah.manning@gmail.com,+1-422-265-2689x30904
841,Steven,Huerta,stevenhuerta59,steven.huerta@hotmail.com,001-479-427-6137x66226
842,Cindy,Powell,cindypowell61,cindy.powell@gmail.com,719-206-0539x357
843,Debra,Foster,debrafoster52,debra.foster@yahoo.com,001-351-999-4611x803
844,Nichole,Jones,nicholejones93,nichole.jones@hotmail.com,+1-548-631-8539x4090
845,Kevin,Hill,kevinhill92,kevin.hill@yahoo.com,001-529-238-8957x59671
846,Jillian,Morris,jillianmorris58,jillian.morris@yahoo.com,864.703.7259x723
847,Amy,Lyons,amylyons45,amy.lyons@gmail.com,(307)661-0012x44000
848,Scott,Roberts,scottroberts9,scott.roberts@gmail.com,001-833-946-1897x7222
849,Shari,Cannon,sharicannon34,shari.cannon@gmail.com,7965320799
850,Ronald,Shannon,ronaldshannon75,ronald.shannon@hotmail.com,566.301.2865x67298
851,Tonya,Jackson,tonyajackson54,tonya.jackson@hotmail.com,(992)398-2765
852,David,Spencer,davidspencer1,david.spencer@yahoo.com,762-623-0900
853,Theresa,Fields,theresafields51,theresa.fields@gmail.com,(323)716-4729x6323
854,James,Howell,jameshowell67,james.howell@gmail.com,9986131873
855,Ashley,Smith,ashleysmith84,ashley.smith@yahoo.com,+1-270-731-3581x59991
856,Megan,Martinez,meganmartinez98,megan.martinez@yahoo.com,001-461-383-9226x74152
857,Gerald,Moore,geraldmoore6,gerald.moore@hotmail.com,767.610.5600
858,Patrick,Wallace,patrickwallace59,patrick.wallace@hotmail.com,669-297-8094x9293
859,Michael,Anderson,michaelanderson46,michael.anderson@gmail.com,(566)760-7060
860,Mariah,Jordan,mariahjordan49,mariah.jordan@gmail.com,449-297-5527
861,Robert,Christensen,robertchristensen15,robert.christensen@hotmail.com,+1-693-360-6843x0287
862,Daniel,Duarte,danielduarte74,daniel.duarte@hotmail.com,476.404.0193x54963
863,Briana,Smith,brianasmith3,briana.smith@yahoo.com,001-546-344-2598
864,Ronald,Chambers,ronaldchambers60,ronald.chambers@yahoo.com,+1-985-860-7919x924
865,Donna,Wilcox,donnawilcox24,donna.wilcox@yahoo.com,+1-652-410-8068x027
866,John,Patrick,johnpatrick94,john.patrick@hotmail.com,+1-968-985-7727x5016
867,William,Fernandez,williamfernandez60,william.fernandez@hotmail.com,001-744-371-0856
868,Douglas,Moody,douglasmoody86,douglas.moody@hotmail.com,311.945.6121
869,Steven,Fox,stevenfox42,steven.fox@yahoo.com,001-426-245-7522x2928
870,Tommy,Young,tommyyoung32,tommy.young@gmail.com,+1-907-352-7328x99158
871,Kyle,Andrews,kyleandrews58,kyle.andrews@hotmail.com,309-360-3989x5832
872,Johnathan,Rogers,johnathanrogers37,johnathan.rogers@gmail.com,001-697-372-0767
873,Elizabeth,Bishop,elizabethbishop38,elizabeth.bishop@gmail.com,530-977-7063x52676
874,David,Terrell,davidterrell78,david.terrell@yahoo.com,932.937.0105x4028
875,Zachary,Williams,zacharywilliams40,zachary.williams@yahoo.com,732.927.0640x399
876,Austin,Pierce,austinpierce56,austin.pierce@yahoo.com,(937)793-8550
877,Paul,Martinez,paulmartinez36,paul.martinez@hotmail.com,001-327-258-4431
878,Heather,Hodges,heatherhodges97,heather.hodges@gmail.com,(670)656-8153x99959
879,Katrina,Russell,katrinarussell20,katrina.russell@gmail.com,+1-804-474-5013x911
880,Derrick,James,derrickjames1,derrick.james@gmail.com,687.444.6902
881,Marissa,Jones,marissajones75,marissa.jones@gmail.com,001-389-215-2186x1628
882,Jeffrey,Anderson,jeffreyanderson90,jeffrey.anderson@yahoo.com,(718)398-4716
883,Roy,Caldwell,roycaldwell26,roy.caldwell@hotmail.com,506-439-2671x1977
884,William,Gomez,williamgomez79,william.gomez@yahoo.com,426-614-9140
885,Sharon,Robertson,sharonrobertson27,sharon.robertson@hotmail.com,(926)561-2827x7833
886,Alex,Flores,alexflores90,alex.flores@hotmail.com,7509631616
887,Brooke,Thornton,brookethornton45,brooke.thornton@hotmail.com,+1-313-843-4559
888,Kelli,Bowen,kellibowen61,kelli.bowen@gmail.com,650.209.1107x826
889,Yesenia,Sanders,yeseniasanders18,yesenia.sanders@yahoo.com,+1-352-235-9874x308
890,Randy,Todd,randytodd7,randy.todd@hotmail.com,248.542.4876x11876
891,Nichole,Hess,nicholehess98,nichole.hess@gmail.com,403-548-5852
892,Michael,Mcmillan,michaelmcmillan17,michael.mcmillan@hotmail.com,340-868-2703x1297
893,Benjamin,Elliott,benjaminelliott64,benjamin.elliott@yahoo.com,740-934-5555x0705
894,Diana,Dougherty,dianadougherty27,diana.dougherty@gmail.com,923.360.4722
895,Cathy,Davis,cathydavis39,cathy.davis@gmail.com,001-213-477-4395x63073
896,Rodney,Harvey,rodneyharvey50,rodney.harvey@hotmail.com,(624)673-5510
897,Jose,Nguyen,josenguyen36,jose.nguyen@gmail.com,491.280.1636x222
898,Samantha,George,samanthageorge48,samantha.george@yahoo.com,756-531-5713x9945
899,Molly,Ballard,mollyballard45,molly.ballard@gmail.com,895.296.3377
900,Monica,Lopez,monicalopez17,monica.lopez@yahoo.com,264.921.4529x490
901,Lisa,Mitchell,lisamitchell34,lisa.mitchell@gmail.com,696.284.8791
902,Julie,Harris,julieharris38,julie.harris@gmail.com,001-594-623-5467x517
903,Stephanie,Hensley,stephaniehensley18,stephanie.hensley@gmail.com,715-235-6723x294
904,Robin,Clark,robinclark15,robin.clark@hotmail.com,(233)673-9294x731
905,Dorothy,Coleman,dorothycoleman43,dorothy.coleman@yahoo.com,(265)558-1808
906,Monica,Campbell,monicacampbell4,monica.campbell@hotmail.com,+1-297-974-0928x05282
907,Devin,Parks,devinparks7,devin.parks@yahoo.com,001-522-447-0781x5487
908,Christine,Santos,christinesantos46,christine.santos@yahoo.com,001-343-257-2993
909,Amy,Woods,amywoods67,amy.woods@yahoo.com,(454)652-8033x150
910,Shawn,Bell,shawnbell89,shawn.bell@yahoo.com,(738)399-9166x5850
911,Sally,Johns,sallyjohns53,sally.johns@hotmail.com,001-659-752-1773x8709
912,Anthony,Hughes,anthonyhughes39,anthony.hughes@hotmail.com,(742)728-4363x87493
913,Sara,Brown,sarabrown5,sara.brown@hotmail.com,4074854613
914,Nicole,Carter,nicolecarter31,nicole.carter@yahoo.com,+1-550-775-2509x33473
915,Susan,Krause,susankrause40,susan.krause@yahoo.com,001-862-636-2988x698
916,Tina,Davidson,tinadavidson21,tina.davidson@gmail.com,001-397-807-4369x30247
917,John,Castillo,johncastillo50,john.castillo@yahoo.com,2007996408
918,Jesse,Sutton,jessesutton98,jesse.sutton@hotmail.com,394.390.9022x27001
919,Andrew,Anderson,andrewanderson80,andrew.anderson@hotmail.com,(501)371-3234
920,Daniel,Walters,danielwalters82,daniel.walters@yahoo.com,4573683009
921,Adam,Hernandez,adamhernandez32,adam.hernandez@yahoo.com,5252682728
922,Courtney,Ramirez,courtneyramirez12,courtney.ramirez@gmail.com,+1-437-450-6786x060
923,Brian,Mckinney,brianmckinney15,brian.mckinney@hotmail.com,+1-804-815-1443
924,Robert,Gonzalez,robertgonzalez77,robert.gonzalez@yahoo.com,001-832-515-0686x4481
925,Dawn,Jordan,dawnjordan16,dawn.jordan@gmail.com,(704)217-0211
926,Amanda,Peterson,amandapeterson66,amanda.peterson@gmail.com,+1-641-762-3391x854
927,Karen,Silva,karensilva79,karen.silva@hotmail.com,+1-516-450-7997x874
928,Laura,Olson,lauraolson91,laura.olson@gmail.com,795.747.8889x18177
929,Katrina,Chavez,katrinachavez13,katrina.chavez@hotmail.com,(773)857-2217
930,Susan,Marshall,susanmarshall32,susan.marshall@hotmail.com,+1-723-692-8442x381
931,Ricky,Jacobs,rickyjacobs43,ricky.jacobs@gmail.com,001-253-333-3879
932,Samantha,Cook,samanthacook46,samantha.cook@yahoo.com,3859168159
933,Amy,Johnson,amyjohnson59,amy.johnson@hotmail.com,+1-551-228-6787x76736
934,Sheila,Smith,sheilasmith80,sheila.smith@gmail.com,277-381-7101x04055
935,Timothy,Hayes,timothyhayes7,timothy.hayes@hotmail.com,968.649.9830
936,Janet,Irwin,janetirwin86,janet.irwin@hotmail.com,001-470-262-5863x0311
937,Justin,Barnes,justinbarnes83,justin.barnes@hotmail.com,001-995-365-5821x10222
938,Audrey,Wagner,audreywagner47,audrey.wagner@hotmail.com,001-836-514-7738
939,Tracy,Fuller,tracyfuller22,tracy.fuller@hotmail.com,+1-901-319-7813
940,Kristi,Burke,kristiburke67,kristi.burke@hotmail.com,(309)744-5067
941,Kenneth,Russell,kennethrussell83,kenneth.russell@gmail.com,5008572433
942,Andrew,Wu,andrewwu3,andrew.wu@gmail.com,9475455291
943,Lauren,White,laurenwhite60,lauren.white@hotmail.com,001-960-698-9696x6819
944,Amy,Weaver,amyweaver44,amy.weaver@gmail.com,001-779-238-0706x8149
945,Anthony,Miller,anthonymiller14,anthony.miller@yahoo.com,(740)371-0246x590
946,Timothy,Banks,timothybanks91,timothy.banks@yahoo.com,(864)350-0131
947,Kenneth,Pierce,kennethpierce80,kenneth.pierce@gmail.com,+1-815-765-4155x912
948,Todd,Parker,toddparker78,todd.parker@hotmail.com,(242)517-9241
949,Michelle,Cooper,michellecooper27,michelle.cooper@yahoo.com,297-803-0048x1207
950,James,Dennis,jamesdennis88,james.dennis@hotmail.com,523.807.1327x34932
951,Kristin,Campos,kristincampos54,kristin.campos@yahoo.com,001-386-464-1678
952,Kelly,Kelly,kellykelly53,kelly.kelly@hotmail.com,6502720652
953,John,Martinez,johnmartinez65,john.martinez@yahoo.com,310.461.7014x0189
954,David,Smith,davidsmith3,david.smith@yahoo.com,001-725-840-1564x7829
955,Nicole,Garcia,nicolegarcia26,nicole.garcia@yahoo.com,8878841799
956,Jessica,Holt,jessicaholt74,jessica.holt@yahoo.com,(440)788-3270x7077
957,Julie,Lyons,julielyons34,julie.lyons@gmail.com,2503292281
958,John,Golden,johngolden70,john.golden@yahoo.com,(407)248-3517x957
959,Brian,Berg,brianberg53,brian.berg@hotmail.com,729-682-4857x8243
960,Michele,Hubbard,michelehubbard93,michele.hubbard@yahoo.com,001-344-266-8848x391
961,Larry,Allen,larryallen19,larry.allen@yahoo.com,819.730.0312x92569
962,Megan,Wall,meganwall16,megan.wall@gmail.com,001-887-808-6446x75939
963,Sabrina,Powers,sabrinapowers99,sabrina.powers@hotmail.com,(565)514-8879
964,Brian,Moore,brianmoore74,brian.moore@gmail.com,591.860.8110
965,Vanessa,Torres,vanessatorres89,vanessa.torres@yahoo.com,763-758-4189x409
966,Erik,Patel,erikpatel67,erik.patel@hotmail.com,001-935-840-9123x1049
967,Tammy,Knight,tammyknight28,tammy.knight@gmail.com,+1-924-752-9759
968,Matthew,Turner,matthewturner94,matthew.turner@hotmail.com,+1-866-467-2473x846
969,Michelle,Skinner,michelleskinner15,michelle.skinner@hotmail.com,+1-210-574-0137x13171
970,Joseph,Wilson,josephwilson30,joseph.wilson@hotmail.com,001-846-772-1949x87573
971,Michael,Robinson,michaelrobinson91,michael.robinson@yahoo.com,734.889.3786x2155
972,Amy,Wilson,amywilson72,amy.wilson@yahoo.com,6276367143
973,Jennifer,Yoder,jenniferyoder66,jennifer.yoder@gmail.com,(276)803-3311x98896
974,Anthony,Thompson,anthonythompson92,anthony.thompson@yahoo.com,515.564.9016x620
975,Marc,Flores,marcflores73,marc.flores@gmail.com,+1-592-670-5286x88107
976,Hannah,Dixon,hannahdixon56,hannah.dixon@hotmail.com,+1-623-296-4699x73627
977,Michael,Dennis,michaeldennis31,michael.dennis@gmail.com,816.523.3969
978,Nathan,Todd,nathantodd82,nathan.todd@hotmail.com,874-362-0089x889
979,Danielle,Hobbs,daniellehobbs67,danielle.hobbs@gmail.com,5113348018
980,Kelly,Stafford,kellystafford98,kelly.stafford@yahoo.com,5289562325
981,Bruce,Morris,brucemorris8,bruce.morris@yahoo.com,242-570-7536x69345
982,Jasmine,Collins,jasminecollins17,jasmine.collins@yahoo.com,001-827-356-9400x608
983,Grace,Bauer,gracebauer56,grace.bauer@yahoo.com,883-562-3717
984,Shawn,Wilson,shawnwilson91,shawn.wilson@gmail.com,846-650-1481x59642
985,Michael,Calhoun,michaelcalhoun23,michael.calhoun@yahoo.com,364.981.4088x83611
986,Steven,Doyle,stevendoyle76,steven.doyle@gmail.com,+1-801-548-8066x16122
987,Emily,Martinez,emilymartinez65,emily.martinez@gmail.com,(585)425-1369x26259
988,Candace,Aguilar,candaceaguilar47,candace.aguilar@yahoo.com,(637)847-1995
989,Donald,Yates,donaldyates96,donald.yates@yahoo.com,001-273-591-1038x4905
990,Jessica,Bradley,jessicabradley96,jessica.bradley@gmail.com,832.210.5875
991,Tina,Kennedy,tinakennedy29,tina.kennedy@yahoo.com,+1-576-305-9298x192
992,Wendy,Brown,wendybrown44,wendy.brown@gmail.com,(961)258-9863x939
993,Jennifer,Lee,jenniferlee86,jennifer.lee@yahoo.com,512.781.3322
994,Todd,Buckley,toddbuckley2,todd.buckley@yahoo.com,588-441-5539
995,Christopher,Thompson,christopherthompson9,christopher.thompson@yahoo.com,531-284-7120x9856
996,Laura,Green,lauragreen72,laura.green@gmail.com,4032506991
997,Daniel,Hamilton,danielhamilton68,daniel.hamilton@gmail.com,001-873-374-3493
998,Mary,Brown,marybrown5,mary.brown@gmail.com,651-795-3420
999,Timothy,Sheppard,timothysheppard40,timothy.sheppard@gmail.com,325-234-7486
1000,Dana,Simon,danasimon16,dana.simon@yahoo.com,987-388-6607x84634
